1538527006.549927,Cv2c2u20TRqozbSqq8,192.168.100.103,123,77.78.107.252,123,udp,-,-,-,-,S0,-,-,0,D,1,76,0,0,-,Benign,-
1547132032.614288,CBsyRaTHL0fRLRY18,192.168.1.197,52852,185.244.25.183,4975,tcp,-,3.112729,0,0,S0,-,-,0,S,3,180,0,0,-,Benign,-
1552056761.164122,CReBQNUklIocuGyll,192.168.1.197,63420,85.76.31.28,23,tcp,-,0.000006,0,0,S0,-,-,0,S,2,80,0,0,-,Malicious,PartOfAHorizontalPortScan
1533087393.675206,C9kBmic0dTAROts4h,192.168.100.113,45340,178.128.185.250,50,tcp,-,3.139475,0,0,S0,-,-,0,S,3,180,0,0,(empty),Malicious,C&C
1540492336.500130,CAnb8Q2ItaI9ME5aug,192.168.1.132,53880,192.168.1.1,53,udp,dns,0.106937,34,297,SF,-,-,0,Dd,1,62,1,325,-,benign,-
1569018295.541545,C6spDR2EUyqZ8Qx0Ek,192.168.1.195,59093,162.248.88.215,62336,tcp,-,-,-,-,OTH,-,-,0,C,0,0,0,0,-,Malicious,DDoS
1547128681.077348,C388fp49vtnybnUlkh,192.168.1.197,53584,192.168.1.1,53,udp,dns,0.000496,29,45,SF,-,-,0,Dd,1,57,1,73,-,Benign,-
1552060076.228062,Ccda6E1Sy5EpXcowc5,192.168.1.197,63420,14.180.49.154,23,tcp,-,0.000006,0,0,S0,-,-,0,S,2,80,0,0,-,Malicious,PartOfAHorizontalPortScan
1547147357.698209,CtjzVs2OQH8eaffMk7,192.168.1.198,15026,45.76.151.34,52869,tcp,-,-,-,-,S0,-,-,0,S,1,40,0,0,-,Malicious,PartOfAHorizontalPortScan
1533124423.214470,CLVEFPzRU1QyeNg9i,192.168.100.113,38008,128.185.250.50,50,tcp,-,-,-,-,S0,-,-,0,S,1,60,0,0,(empty),Malicious,C&C
1569018334.159539,ChdWod48NbRhyt5st8,192.168.1.195,48427,162.248.88.215,62336,tcp,-,-,-,-,OTH,-,-,0,C,0,0,0,0,-,Malicious,DDoS
1545417809.901650,CfTEhB1UVAkWbWX72f,192.168.1.197,38370,197.157.216.124,37215,tcp,-,-,-,-,S0,-,-,0,S,1,40,0,0,-,Malicious,Okiru
1551384843.778659,CEfX254kvLShUqa2m9,192.168.1.200,42356,58.161.45.70,23,tcp,-,0.000005,0,0,S0,-,-,0,S,2,120,0,0,-,Malicious,PartOfAHorizontalPortScan
1526831760.366850,CvSk4Z02hf2Il1elj,192.168.2.5,33764,144.21.58.36,22,tcp,-,-,-,-,S0,-,-,0,S,1,60,0,0,(empty),Malicious,PartOfAHorizontalPortScan
1552100039.336970,CbRMpD4E2J91vgtO9a,192.168.1.197,63420,92.89.110.6,23,tcp,-,0.000002,0,0,S0,-,-,0,S,2,80,0,0,-,Malicious,PartOfAHorizontalPortScan
1547074768.352096,C11PDj2ODcESuAYPVa,192.168.1.194,39352,85.128.213.176,22,tcp,-,-,-,-,S0,-,-,0,S,1,40,0,0,-,Malicious,PartOfAHorizontalPortScan
1526772868.623832,CRIkQq1rNV0gZO74Jj,86.61.188.242,3,192.168.2.5,1,icmp,-,0.004621,120,0,OTH,-,-,0,-,2,176,0,0,(empty),Benign,-
1526838471.957340,CxTzdr2FQaeGXNSEKg,192.168.2.5,59890,219.92.144.66,22,tcp,-,-,-,-,S0,-,-,0,S,1,60,0,0,(empty),Malicious,PartOfAHorizontalPortScan
1545433092.749133,CMaBZR9fponTtknIg,192.168.1.198,36097,94.34.225.64,37215,tcp,-,-,-,-,S0,-,-,0,S,1,40,0,0,-,Malicious,Okiru
1545452923.161982,CEeHgZ2FJTwIKAPX83,192.168.1.196,35534,174.112.162.53,23,tcp,-,-,-,-,S0,-,-,0,S,1,60,0,0,-,Benign,-
1545466966.556434,CS8urr3pu9UON6BAtc,192.168.1.195,65279,123.59.209.185,80,tcp,-,-,-,-,OTH,-,-,0,C,0,0,0,0,-,Malicious,DDoS
1545466983.970971,C0Fyxk3NqdIoIjRJH6,192.168.1.195,65279,123.59.209.185,80,tcp,-,-,-,-,OTH,-,-,0,C,0,0,0,0,-,Malicious,DDoS
1545421218.203054,CjiqoT1M5TMpsZAx0d,192.168.1.198,36097,166.35.179.8,37215,tcp,-,-,-,-,S0,-,-,0,S,1,40,0,0,-,Malicious,Okiru
1545422679.882983,CLfHok4ifCH6UZ5xU4,192.168.1.196,38682,95.101.63.152,23,tcp,-,-,-,-,S0,-,-,0,S,1,60,0,0,-,Benign,-
1533118551.934352,C6DL91RwTTBd6f4jl,192.168.100.113,46896,178.128.185.250,50,tcp,-,-,-,-,S0,-,-,0,S,1,60,0,0,(empty),Malicious,C&C
1526091109.009100,CjZCnM1wAZoE15ZHde,192.168.100.103,43763,124.41.18.72,27863,udp,-,-,-,-,S0,-,-,0,D,1,40,0,0,(empty),Benign,-
1545466987.773325,C38x7a10ULoX8a3TA4,192.168.1.195,65279,123.59.209.185,80,tcp,-,-,-,-,OTH,-,-,0,C,0,0,0,0,-,Malicious,DDoS
1526817651.621125,CsTjMP3ydj1DQfAb22,192.168.2.5,37778,148.234.107.34,22,tcp,-,-,-,-,S0,-,-,0,S,1,60,0,0,(empty),Malicious,PartOfAHorizontalPortScan
1551387844.423553,CSxFla2J0zYDsNHYq3,192.168.1.193,24159,217.30.108.174,8081,tcp,-,0.000243,0,0,S0,-,-,0,S,4,160,0,0,-,Malicious,PartOfAHorizontalPortScan
1551397356.740931,CZ8y3Vl4Gz06RKFfa,192.168.1.193,24159,217.184.58.182,8081,tcp,-,0.000255,0,0,S0,-,-,0,S,4,160,0,0,-,Malicious,PartOfAHorizontalPortScan
1551388399.201114,CejoJh4MtOBMtHSctg,192.168.1.193,30535,197.42.234.90,8081,tcp,-,0.000005,0,0,S0,-,-,0,S,2,80,0,0,-,Malicious,PartOfAHorizontalPortScan
1540485135.637638,CzNTXM3U1imdcnKmJd,192.168.1.132,45769,192.168.1.1,53,udp,dns,0.104447,34,297,SF,-,-,0,Dd,1,62,1,325,-,benign,-
1547091239.947949,Cvz8O13t46IlJ3g4N,192.168.1.194,48368,115.88.28.105,22,tcp,-,-,-,-,S0,-,-,0,S,1,40,0,0,-,Malicious,PartOfAHorizontalPortScan
1562160292.338219,C4lfT92TdIOeiebVU,0.0.0.0,68,255.255.255.255,67,udp,dhcp,9.399944,7428,0,S0,-,-,0,D,24,8100,0,0,-,benign,-
1545418293.136769,CC2uD42BWmhGMkqrll,192.168.1.197,43746,212.169.251.188,80,tcp,-,-,-,-,S0,-,-,0,S,1,40,0,0,-,Malicious,PartOfAHorizontalPortScan
1569018302.702880,C2vsxt26W76LQPRPD9,192.168.1.195,9231,162.248.88.215,62336,tcp,-,-,-,-,OTH,-,-,0,C,0,0,0,0,-,Malicious,DDoS
1552058204.607008,CfEPja2PusIr2LkY9a,192.168.1.197,63420,197.29.167.183,23,tcp,-,0.000002,0,0,S0,-,-,0,S,2,80,0,0,-,Malicious,PartOfAHorizontalPortScan
1547145600.707081,CuBUFn46TIvry5FGMl,192.168.1.198,10803,200.191.131.229,23,tcp,-,-,-,-,S0,-,-,0,S,1,40,0,0,-,Benign,-
1547076230.826748,C0rWD1n5og7AYXVT1,192.168.1.194,49239,143.54.56.201,22,tcp,-,-,-,-,S0,-,-,0,S,1,40,0,0,-,Malicious,PartOfAHorizontalPortScan
1545390462.873141,CRryLK3JTBP8W7g6od,192.168.1.197,38370,156.1.65.218,37215,tcp,-,-,-,-,S0,-,-,0,S,1,40,0,0,-,Malicious,Okiru
1551396953.942465,CT9A9k4mx3JQWghwwg,192.168.1.200,39652,154.167.215.214,23,tcp,-,0.000002,0,0,S0,-,-,0,S,2,120,0,0,-,Malicious,PartOfAHorizontalPortScan
1533080736.251863,Cl6L2j11eYnA8GBWba,192.168.100.113,35824,128.185.250.50,50,tcp,-,-,-,-,S0,-,-,0,S,1,60,0,0,(empty),Malicious,C&C
1569018347.817550,CDG0Dv4a86OIPSx2y3,192.168.1.195,2056,162.248.88.215,62336,tcp,-,-,-,-,OTH,-,-,0,C,0,0,0,0,-,Malicious,DDoS
1545466967.862675,Cv3y0j3wTonEQHnCxj,192.168.1.195,65279,123.59.209.185,80,tcp,-,-,-,-,OTH,-,-,0,C,0,0,0,0,-,Malicious,DDoS
1545466984.309588,CUtc7U2tYEpOdRvzkf,192.168.1.195,65279,123.59.209.185,80,tcp,-,-,-,-,OTH,-,-,0,C,0,0,0,0,-,Malicious,DDoS
1545409892.218306,CBqjav60AGC22EySi,192.168.1.196,50680,121.120.165.98,23,tcp,-,3.102023,0,0,S0,-,-,0,S,3,180,0,0,-,Benign,-
1526030519.001798,CgqBFX1o5atUMYZO0a,192.168.100.103,43763,52.228.196.80,45163,udp,-,-,-,-,S0,-,-,0,D,1,40,0,0,(empty),Benign,-
1547072915.119526,CqpiKzj0KljegXiH4,192.168.1.194,55131,20.162.219.167,22,tcp,-,-,-,-,S0,-,-,0,S,1,40,0,0,-,Malicious,PartOfAHorizontalPortScan
1545424081.454465,C1pmXx3touvZjSmvO3,192.168.1.195,123,147.231.100.5,123,udp,-,0.001496,48,48,SF,-,-,0,Dd,1,76,1,76,-,Benign,-
1545394211.862372,CBkt066FHsEtw2p81,192.168.1.197,38370,41.139.44.251,37215,tcp,-,-,-,-,S0,-,-,0,S,1,40,0,0,-,Malicious,Okiru
1526825498.338140,CffDVi3gH6WyKB3God,192.168.2.5,33940,196.114.46.186,22,tcp,-,-,-,-,S0,-,-,0,S,1,60,0,0,(empty),Malicious,PartOfAHorizontalPortScan
1569018393.562125,CDyzVF2GXuUR5vg6Nd,192.168.1.195,40186,162.248.88.215,62336,tcp,-,-,-,-,OTH,-,-,0,C,0,0,0,0,-,Malicious,DDoS
1547074221.366637,Cq9Tli2iXLgtrmqaVb,192.168.1.194,44249,69.149.106.239,22,tcp,-,-,-,-,S0,-,-,0,S,1,40,0,0,-,Malicious,PartOfAHorizontalPortScan
1538483775.549190,CLzHsI1yIHp0WDtczf,192.168.100.103,123,217.30.75.147,123,udp,-,0.002729,48,48,SF,-,-,0,Dd,1,76,1,76,-,Benign,-
1526852541.508070,CcJMyA4OSoIcRrRdnl,192.168.2.5,53411,51.15.137.6,22,tcp,ssh,2.608255,589,2603,SF,-,-,0,ShAdDaFf,16,1429,16,3443,(empty),Malicious,Attack
1547075100.937993,CYDVnq2yas2tLfvio7,192.168.1.194,46489,163.122.15.206,22,tcp,-,-,-,-,S0,-,-,0,S,1,40,0,0,-,Malicious,PartOfAHorizontalPortScan
1526858266.611104,CkQMnY1VvC5u8BeRHi,192.168.2.5,60847,17.161.89.249,22,tcp,-,2.997601,0,0,S0,-,-,0,S,3,180,0,0,(empty),Malicious,PartOfAHorizontalPortScan
1545466975.553788,C2agKk4alMlq2DldHa,192.168.1.195,65279,123.59.209.185,80,tcp,-,-,-,-,OTH,-,-,0,C,0,0,0,0,-,Malicious,DDoS
1533079102.670321,CYZT5tzgRAMLQtGq4,192.168.100.113,35744,128.185.250.50,50,tcp,-,3.101475,0,0,S0,-,-,0,S,3,180,0,0,(empty),Malicious,C&C
1545450674.570806,C1kSAh4kFHiRy0ju9,192.168.1.196,42548,139.108.165.120,23,tcp,-,3.148470,0,0,S0,-,-,0,S,3,180,0,0,-,Benign,-
1551403853.708183,CRAWy71albaGaflbj4,192.168.1.193,24159,217.198.87.141,8081,tcp,-,0.000005,0,0,S0,-,-,0,S,2,80,0,0,-,Malicious,PartOfAHorizontalPortScan
1540540932.684106,CzbTq633kbgFwtvsVd,192.168.1.132,60707,52.215.95.120,80,tcp,http,0.106189,4038,791,SF,-,-,2920,ShADCaGdfF,6,1370,8,1115,-,benign,-
1526046625.018364,CMEFSi4alxkeZDzwXg,192.168.100.103,58029,179.210.73.127,9527,tcp,-,-,-,-,S0,-,-,0,S,1,60,0,0,(empty),Malicious,PartOfAHorizontalPortScan
1551403730.721767,CHvnkgzosXrvi84i,192.168.1.200,51420,203.193.189.98,23,tcp,-,3.143221,0,0,S0,-,-,0,S,6,360,0,0,-,Malicious,PartOfAHorizontalPortScan
1545372521.047951,CKsHHQ3pR58Ez0RrD3,192.168.1.197,44002,41.215.11.34,52869,tcp,-,-,-,-,S0,-,-,0,S,1,40,0,0,-,Malicious,PartOfAHorizontalPortScan
1545405632.263122,CeQmau42TlDgKLL4t3,192.168.1.195,49374,185.244.25.235,6667,tcp,-,3.119224,0,0,S0,-,-,0,S,3,180,0,0,-,Malicious,C&C
1551397656.985049,Cbgcxp2woId5dqZ6F3,192.168.1.200,38950,177.105.138.30,23,tcp,-,0.000002,0,0,S0,-,-,0,S,2,120,0,0,-,Malicious,PartOfAHorizontalPortScan
1545466963.255813,CLgP672Y7aFewQwLZi,192.168.1.195,65279,123.59.209.185,80,tcp,-,-,-,-,OTH,-,-,0,C,0,0,0,0,-,Malicious,DDoS
1526852353.077645,CbevW74h2BhizfJjg9,192.168.2.5,51367,51.100.89.233,22,tcp,-,2.990805,0,0,S0,-,-,0,S,3,180,0,0,(empty),Malicious,PartOfAHorizontalPortScan
1547128828.287807,CCrWWJnxdy1sXPzkh,192.168.1.197,51388,185.244.25.183,4975,tcp,-,2.088318,67,233,S3,-,-,0,ShAdDaf,8,511,7,605,-,Benign,-
1526213965.010520,C5YQlY1ubz2a0vabAl,192.168.100.103,43763,230.156.39.13,51363,udp,-,-,-,-,S0,-,-,0,D,1,40,0,0,(empty),Benign,-
1547152237.934639,C3G3O13Gf0rLb5FgN,192.168.1.199,123,81.2.248.189,123,udp,-,0.004994,48,48,SF,-,-,0,Dd,1,76,1,76,-,Benign,-
1552088483.747426,CoTIAR3YYbnW0Vrc92,192.168.1.197,63420,112.160.201.95,23,tcp,-,0.000002,0,0,S0,-,-,0,S,2,80,0,0,-,Malicious,PartOfAHorizontalPortScan
1526815957.096635,CRwxZq43tQaqb2OLhc,192.168.2.5,49258,148.103.153.62,22,tcp,-,-,-,-,S0,-,-,0,S,1,60,0,0,(empty),Malicious,PartOfAHorizontalPortScan
1547070238.195603,C7cavh24tZcop2CBud,192.168.1.194,53624,198.166.166.2,22,tcp,-,-,-,-,S0,-,-,0,S,1,40,0,0,-,Malicious,PartOfAHorizontalPortScan
1547152641.933769,ClnQsd3f6qkCdG5I05,192.168.1.199,123,81.2.254.224,123,udp,-,-,-,-,S0,-,-,0,D,1,76,0,0,-,Benign,-
1545414032.859559,CSjUPx4Sx6Idp1f7P5,192.168.1.198,36097,117.178.54.36,37215,tcp,-,-,-,-,S0,-,-,0,S,1,40,0,0,-,Malicious,Okiru
1540512125.092534,C6kNSd4e8JSs6NKBN9,192.168.1.132,60652,52.215.95.120,80,tcp,http,0.111434,1847,791,SF,-,-,0,ShADadfF,6,2099,6,1035,-,benign,-
1526136238.012764,C3byJD3gAPshqXPQch,192.168.100.103,43763,182.107.225.152,35329,udp,-,-,-,-,S0,-,-,0,D,1,40,0,0,(empty),Benign,-
1551401208.985290,CaiPF62qopTvtsdwl4,192.168.1.200,41010,154.242.122.191,23,tcp,-,0.000002,0,0,S0,-,-,0,S,2,120,0,0,-,Malicious,PartOfAHorizontalPortScan
1545483744.759496,CMuRf94xGWVfegZql5,192.168.1.196,35062,169.203.162.231,23,tcp,-,-,-,-,S0,-,-,0,S,1,60,0,0,-,Benign,-
1547085757.533505,CqaVEJ3eD16pvHPxAd,192.168.1.194,50399,36.159.246.57,22,tcp,-,-,-,-,S0,-,-,0,S,1,40,0,0,-,Malicious,PartOfAHorizontalPortScan
1525930974.012003,COjSmvAZhJsSsx7te,192.168.100.103,43763,90.51.125.138,1426,udp,-,-,-,-,S0,-,-,0,D,1,40,0,0,(empty),Benign,-
1551393799.147146,CayAWO15zvzUyOpgkl,192.168.1.200,39478,54.121.53.119,23,tcp,-,0.000002,0,0,S0,-,-,0,S,2,120,0,0,-,Malicious,PartOfAHorizontalPortScan
1545461761.805519,CaixhvXjsgFntCoyk,192.168.1.196,39416,248.111.204.224,23,tcp,-,3.116487,0,0,S0,-,-,0,S,3,180,0,0,-,Benign,-
1547150539.010134,CCRG9E1RhRaYrJQN2b,192.168.1.197,33112,192.168.1.1,53,udp,dns,0.000747,39,103,SF,-,-,0,Dd,1,67,1,131,-,Benign,-
1547147019.553606,CZoLNj74Hcq1qAnQe,192.168.1.198,41161,1.52.237.133,23,tcp,-,-,-,-,S0,-,-,0,S,1,40,0,0,-,Benign,-
1551394852.158301,Cnv2pY2NrmscuLqKF,192.168.1.193,24159,217.7.26.218,8081,tcp,-,0.000005,0,0,S0,-,-,0,S,2,80,0,0,-,Malicious,PartOfAHorizontalPortScan
1545403768.537465,CnaN3t3tqyAzt8ezJf,192.168.1.197,43746,192.241.165.214,80,tcp,-,-,-,-,S0,-,-,0,S,1,40,0,0,-,Malicious,PartOfAHorizontalPortScan
1545466964.158804,CYwIom4IG0mm8ZhSMe,192.168.1.195,65279,123.59.209.185,80,tcp,-,-,-,-,OTH,-,-,0,C,0,0,0,0,-,Malicious,DDoS
1545395473.293633,Clj8KO2PeZV8gkY431,192.168.1.197,44002,197.209.154.184,52869,tcp,-,-,-,-,S0,-,-,0,S,1,40,0,0,-,Malicious,PartOfAHorizontalPortScan
1547145989.448742,CvDReS131pd85XvjK3,192.168.1.198,1220,45.145.123.217,52869,tcp,-,-,-,-,S0,-,-,0,S,1,40,0,0,-,Malicious,PartOfAHorizontalPortScan
1545437405.879930,CEk0qx2lam34jZFysa,192.168.1.196,48190,212.150.189.128,23,tcp,-,-,-,-,S0,-,-,0,S,1,60,0,0,-,Benign,-
1547146692.254017,Cpgwbz31186b6soz2k,192.168.1.198,22568,45.122.224.192,52869,tcp,-,-,-,-,S0,-,-,0,S,1,40,0,0,-,Malicious,PartOfAHorizontalPortScan
1547153801.009749,CApGeR1VtlGPjtxd03,192.168.1.197,123,81.2.248.189,123,udp,-,-,-,-,S0,-,-,0,D,1,76,0,0,-,Benign,-
1526780724.611491,CrbfFy48BINkQ4kFk6,192.168.2.5,59509,32.65.96.162,22,tcp,-,2.994095,0,0,S0,-,-,0,S,3,180,0,0,(empty),Malicious,PartOfAHorizontalPortScan
1545458479.368924,Col9bz2Cb4xVc61f1c,192.168.1.195,53578,185.244.25.235,6667,tcp,irc,32.000995,62,269,S3,-,-,0,ShAdDaf,7,434,6,589,-,Malicious,C&C
1569018335.878906,CB6rpb2ANANMzip5H2,192.168.1.195,29760,162.248.88.215,62336,tcp,-,-,-,-,OTH,-,-,0,C,0,0,0,0,-,Malicious,DDoS
1545477562.428857,C8xBscIL028zv5Toi,192.168.1.196,56722,155.127.222.243,23,tcp,-,3.134746,0,0,S0,-,-,0,S,3,180,0,0,-,Benign,-
1545455229.735039,CUC0rTDvA6cftR1Bl,192.168.1.198,36097,178.151.129.108,37215,tcp,-,-,-,-,S0,-,-,0,S,1,40,0,0,-,Malicious,Okiru
1551383514.743523,C2OP994RO0EkTeO9Z7,192.168.1.193,30535,217.30.14.211,8081,tcp,-,0.000006,0,0,S0,-,-,0,S,2,80,0,0,-,Malicious,PartOfAHorizontalPortScan
1551393875.062139,CykII92L8ZSXScFlR,192.168.1.200,56524,121.151.106.158,23,tcp,-,0.000002,0,0,S0,-,-,0,S,2,120,0,0,-,Malicious,PartOfAHorizontalPortScan
1533090228.475135,CT3EBZ2ObtvV2dsgq1,192.168.100.113,123,37.157.198.150,123,udp,-,0.004734,48,48,SF,-,-,0,Dd,1,76,1,76,(empty),Benign,-
1545373138.828280,Cx13uhaL5LXYQcAOl,192.168.1.197,38114,109.240.214.164,8081,tcp,-,-,-,-,S0,-,-,0,S,1,40,0,0,-,Malicious,PartOfAHorizontalPortScan
1545396818.133107,C7tIyT37UchXcoyf9a,192.168.1.198,36097,206.221.235.205,37215,tcp,-,-,-,-,S0,-,-,0,S,1,40,0,0,-,Malicious,Okiru
1538560331.548941,Ccdh6S2Ef7oohNZpN6,192.168.100.103,123,217.30.75.147,123,udp,-,0.002994,48,48,SF,-,-,0,Dd,1,76,1,76,-,Benign,-
1545431452.236449,CcgWdA18hnUd58CB5j,192.168.1.198,36097,216.138.175.156,37215,tcp,-,-,-,-,S0,-,-,0,S,1,40,0,0,-,Malicious,Okiru
1552097958.013110,CtpfPFdHVFivIIhpe,192.168.1.197,63420,18.100.212.240,23,tcp,-,0.000002,0,0,S0,-,-,0,S,2,80,0,0,-,Malicious,PartOfAHorizontalPortScan
1545443149.575222,CKfOaL32xqwZEdqZgc,192.168.1.196,50106,134.216.170.202,23,tcp,-,3.109493,0,0,S0,-,-,0,S,3,180,0,0,-,Benign,-
1551395476.459967,CfLfiI37FTe79pj0y6,192.168.1.193,24159,217.105.212.232,8081,tcp,-,0.000005,0,0,S0,-,-,0,S,2,80,0,0,-,Malicious,PartOfAHorizontalPortScan
1526164565.014998,Ckg2lJ1AAuExSGhhkg,192.168.100.103,43763,78.97.61.225,10548,udp,-,-,-,-,S0,-,-,0,D,1,40,0,0,(empty),Benign,-
1562161392.524429,CG0bgj4yO0GxKOL7ja,::,135,ff02::1:ffd5:cdf,136,icmp,-,135.423985,96,0,OTH,-,-,0,-,4,288,0,0,-,benign,-
1540508524.789975,C5W5gO2xRPGto6EX31,192.168.1.132,45544,192.168.1.1,53,udp,dns,0.132166,37,179,SF,-,-,0,Dd,1,65,1,207,-,benign,-
1545405404.012954,CZ9dNblHk0WeMDRs4,192.168.1.197,38370,41.147.98.106,37215,tcp,-,-,-,-,S0,-,-,0,S,1,40,0,0,-,Malicious,Okiru
1547129593.449083,Cz7n3V1Q6XoBXkuCUa,192.168.1.197,51734,185.244.25.183,4975,tcp,-,3.154953,0,0,S0,-,-,0,S,3,180,0,0,-,Benign,-
1552054716.216750,Ctgxiihpgug4Wy3h8,192.168.1.197,63420,166.64.17.28,23,tcp,-,0.000006,0,0,S0,-,-,0,S,2,80,0,0,-,Malicious,PartOfAHorizontalPortScan
1552060181.945674,CiOQuw2KmoVmqHX458,192.168.1.197,63420,20.236.120.131,2323,tcp,-,0.000006,0,0,S0,-,-,0,S,2,80,0,0,-,Malicious,PartOfAHorizontalPortScan
1569018201.830901,CepzSO9E7IdQbso3h,192.168.1.195,28383,162.248.88.215,62336,tcp,-,-,-,-,OTH,-,-,0,C,0,0,0,0,-,Malicious,DDoS
1545461695.796834,C7XzNK1gS96PMFSyQ7,192.168.1.198,36097,218.235.176.167,37215,tcp,-,-,-,-,S0,-,-,0,S,1,40,0,0,-,Malicious,Okiru
1545416433.387939,Cg3KPAg8TJIEcGA1k,192.168.1.198,36097,85.34.27.223,37215,tcp,-,-,-,-,S0,-,-,0,S,1,40,0,0,-,Malicious,Okiru
1547156070.935422,Cn3urR1bpYhoK0r2Bh,192.168.1.199,123,81.2.254.224,123,udp,-,0.005486,48,48,SF,-,-,0,Dd,1,76,1,76,-,Benign,-
1551410222.841082,CnfEFW2RnXErYcEN23,192.168.1.200,41648,179.167.205.207,23,tcp,-,3.102464,0,0,S0,-,-,0,S,6,360,0,0,-,Malicious,PartOfAHorizontalPortScan
1547080147.493981,CrWOm72qVrDIoU57me,192.168.1.194,41505,122.65.126.143,22,tcp,-,-,-,-,S0,-,-,0,S,1,40,0,0,-,Malicious,PartOfAHorizontalPortScan
1545404018.786071,CBjnlk18rma3upfGm4,192.168.1.197,38370,197.134.52.80,37215,tcp,-,-,-,-,S0,-,-,0,S,1,40,0,0,-,Malicious,Okiru
1547148381.558120,CvL5F11a1pzKtCbGk8,192.168.1.198,30496,156.241.65.30,37215,tcp,-,-,-,-,S0,-,-,0,S,1,40,0,0,-,Malicious,Okiru
1552061687.732346,C9qFj12kP7otfgAGB6,192.168.1.197,63420,79.17.186.111,23,tcp,-,0.000006,0,0,S0,-,-,0,S,2,80,0,0,-,Malicious,PartOfAHorizontalPortScan
1545337925.423834,Clh48N3USdXLxGkpol,192.168.1.197,43746,52.174.83.253,80,tcp,-,-,-,-,S0,-,-,0,S,1,40,0,0,-,Malicious,PartOfAHorizontalPortScan
1545431569.241239,ClViVj3iF4F9Fk0Aqb,192.168.1.196,41026,136.119.176.125,23,tcp,-,-,-,-,S0,-,-,0,S,1,60,0,0,-,Benign,-
1551397989.115651,CL4oOD1PN9czF29J7b,192.168.1.193,24159,197.5.31.240,8081,tcp,-,0.000004,0,0,S0,-,-,0,S,2,80,0,0,-,Malicious,PartOfAHorizontalPortScan
1525980568.013631,CQYxLa454ehaM7FrB1,192.168.100.103,44018,223.202.150.156,8080,tcp,-,2.999045,0,0,S0,-,-,0,S,3,180,0,0,(empty),Malicious,PartOfAHorizontalPortScan
1545345265.633049,CkkwW51P2nZjvyA3Oi,192.168.1.197,38114,206.54.45.126,8081,tcp,-,-,-,-,S0,-,-,0,S,1,40,0,0,-,Malicious,PartOfAHorizontalPortScan
1569018359.916109,C6QmIS2p47tT00G956,192.168.1.195,27932,162.248.88.215,62336,tcp,-,-,-,-,OTH,-,-,0,C,0,0,0,0,-,Malicious,DDoS
1547072913.620627,CDVMhm43tQk5pPbbGj,192.168.1.194,57050,48.33.123.145,22,tcp,-,-,-,-,S0,-,-,0,S,1,40,0,0,-,Malicious,PartOfAHorizontalPortScan
1545466986.514530,CkfM033GkG1NNOHqj8,192.168.1.195,65279,123.59.209.185,80,tcp,-,-,-,-,OTH,-,-,0,C,0,0,0,0,-,Malicious,DDoS
1545345724.563184,CBaudI2WW33vMYZhx7,192.168.1.197,38370,156.31.187.56,37215,tcp,-,-,-,-,S0,-,-,0,S,1,40,0,0,-,Malicious,Okiru
1547127590.236433,Cr6bgW2kdln7RPB1C5,192.168.1.197,35066,192.168.1.1,53,udp,dns,0.003487,29,45,SF,-,-,0,Dd,1,57,1,73,-,Benign,-
1547129238.280601,CI8icWAXyHHhrs1Qb,192.168.1.197,51586,185.244.25.183,4975,tcp,-,3.122972,0,0,S0,-,-,0,S,3,180,0,0,-,Benign,-
1547068522.013652,CNgGKu27kH6DaDU31k,192.168.1.194,34990,140.135.220.205,22,tcp,-,-,-,-,S0,-,-,0,S,1,40,0,0,-,Malicious,PartOfAHorizontalPortScan
1538510046.549355,CeMAfy3CEQ2waJ8qbb,192.168.100.103,123,185.189.115.149,123,udp,-,-,-,-,S0,-,-,0,D,1,76,0,0,-,Benign,-
1533062978.477030,CoGbFv44McibTFGqjk,192.168.100.113,123,147.251.48.140,123,udp,-,0.004978,48,48,SF,-,-,0,Dd,1,76,1,76,(empty),Benign,-
1526110616.010691,C7uKCK1xo9TwegYo31,192.168.100.103,36477,35.165.231.30,23,tcp,-,-,-,-,S0,-,-,0,S,1,60,0,0,(empty),Malicious,PartOfAHorizontalPortScan
1569018350.724808,Cs4gGa2DJLuXNblLwk,192.168.1.195,2278,162.248.88.215,62336,tcp,-,-,-,-,OTH,-,-,0,C,0,0,0,0,-,Malicious,DDoS
1547129224.075928,CihfCF2mFdBZ49onL,192.168.1.197,51582,185.244.25.183,4975,tcp,-,4.307549,67,233,S3,-,-,0,ShAdDaft,11,687,8,657,-,Benign,-
1552076057.594321,CPrJks37zUIUdc7Zii,192.168.1.197,63420,93.173.111.231,23,tcp,-,0.000007,0,0,S0,-,-,0,S,2,80,0,0,-,Malicious,PartOfAHorizontalPortScan
1552056566.375697,Cxmwhe2sVb4MhWKAkg,192.168.1.197,63420,36.18.49.228,23,tcp,-,0.000002,0,0,S0,-,-,0,S,2,80,0,0,-,Malicious,PartOfAHorizontalPortScan
1533124893.694205,CgJpoi33JmJEmv0rC8,192.168.100.113,47212,178.128.185.250,50,tcp,-,-,-,-,S0,-,-,0,S,1,60,0,0,(empty),Malicious,C&C
1551391208.297946,Cj7k4x1xSzOpKuWhYi,192.168.1.193,24159,217.83.40.43,8081,tcp,-,0.000009,0,0,S0,-,-,0,S,4,160,0,0,-,Malicious,PartOfAHorizontalPortScan
1545473203.308627,CqWthI19VJ1FkkmNu3,192.168.1.196,18646,54.39.87.104,992,tcp,-,2.226713,0,0,RSTOS0,-,-,0,I,7,280,0,0,-,Malicious,DDoS
1545398855.971460,Cp9ZAK3j5852YGa2Bg,192.168.1.197,44002,156.54.113.19,52869,tcp,-,-,-,-,S0,-,-,0,S,1,40,0,0,-,Malicious,PartOfAHorizontalPortScan
1547131329.805472,C2LdPx1q67igmH0oPa,192.168.1.197,52536,185.244.25.183,4975,tcp,-,-,-,-,S0,-,-,0,S,1,60,0,0,-,Benign,-
1533082152.172060,CGPeog35LnyZu3Ifd7,192.168.100.113,35896,128.185.250.50,50,tcp,-,-,-,-,S0,-,-,0,S,1,60,0,0,(empty),Malicious,C&C
1547074875.369350,CbCTvU2Ek2dFDXBfqd,192.168.1.194,43584,70.188.195.185,22,tcp,-,-,-,-,S0,-,-,0,S,1,40,0,0,-,Malicious,PartOfAHorizontalPortScan
1547147700.037578,CfzyCG4xEqKZhNzbE,192.168.1.197,44399,192.168.1.1,53,udp,dns,0.233866,39,103,SF,-,-,0,Dd,1,67,1,131,-,Benign,-
1545466962.045757,CFBrw3pw5ClpZbzd,192.168.1.195,65279,123.59.209.185,80,tcp,-,-,-,-,OTH,-,-,0,C,0,0,0,0,-,Malicious,DDoS
1533052815.611814,CeugKe40FGp8E0Zwue,192.168.100.113,43612,178.128.185.250,50,tcp,-,-,-,-,S0,-,-,0,S,1,60,0,0,(empty),Malicious,C&C
1551405421.377297,Cj1jOO2FyaErVo81ci,192.168.1.193,24159,197.227.242.197,8081,tcp,-,0.000005,0,0,S0,-,-,0,S,2,80,0,0,-,Malicious,PartOfAHorizontalPortScan
1533093513.219651,CGkVvi1NqXz7d8ZyF5,192.168.100.113,36464,128.185.250.50,50,tcp,-,3.114721,0,0,S0,-,-,0,S,3,180,0,0,(empty),Malicious,C&C
1547128393.053295,CDmz1H3Kn5gfcZvcpk,192.168.1.197,51790,192.168.1.1,53,udp,dns,0.006494,29,45,SF,-,-,0,Dd,1,57,1,73,-,Benign,-
1526802584.947777,ClRxtpfndlkPYHRT,192.168.2.5,52695,144.145.228.1,22,tcp,-,2.996736,0,0,S0,-,-,0,S,3,180,0,0,(empty),Malicious,PartOfAHorizontalPortScan
1547073901.871090,CWalVQ3djFgy9l0dyd,192.168.1.194,40193,135.93.16.165,22,tcp,-,-,-,-,S0,-,-,0,S,1,40,0,0,-,Malicious,PartOfAHorizontalPortScan
1551384061.633189,C5eOqk1usNPIpoyP34,192.168.1.193,24159,217.159.242.63,8081,tcp,-,0.000008,0,0,S0,-,-,0,S,4,160,0,0,-,Malicious,PartOfAHorizontalPortScan
1525918727.008221,CpEJVJ1iTooot9dl05,192.168.100.103,43763,255.147.210.178,33594,udp,-,-,-,-,S0,-,-,0,D,1,40,0,0,(empty),Benign,-
1547071937.030749,CEwtqx4PTFjU4amttl,192.168.1.194,36700,67.221.153.153,22,tcp,-,-,-,-,S0,-,-,0,S,1,40,0,0,-,Malicious,PartOfAHorizontalPortScan
1545447560.821466,C21WZR3HivGanahTOa,192.168.1.198,36097,158.103.30.194,37215,tcp,-,-,-,-,S0,-,-,0,S,1,40,0,0,-,Malicious,Okiru
1545357953.177187,C4ffnz4tH0bpZgDju6,192.168.1.197,43746,212.167.211.126,80,tcp,-,-,-,-,S0,-,-,0,S,1,40,0,0,-,Malicious,PartOfAHorizontalPortScan
1547147238.270338,Cp6CBxZTEMaTF0YQ9,192.168.1.198,49405,185.160.9.119,52869,tcp,-,-,-,-,S0,-,-,0,S,1,40,0,0,-,Malicious,PartOfAHorizontalPortScan
1547076522.882500,CMiwb82qN3EFTMoEz8,192.168.1.194,43544,197.235.239.243,22,tcp,-,-,-,-,S0,-,-,0,S,1,40,0,0,-,Malicious,PartOfAHorizontalPortScan
1551406320.590867,C730qi3kIjBmnNkv4k,192.168.1.193,30535,197.164.17.168,8081,tcp,-,0.000004,0,0,S0,-,-,0,S,2,80,0,0,-,Malicious,PartOfAHorizontalPortScan
1538490771.546398,CXndis42s27cBQ06x4,192.168.100.103,123,217.30.75.147,123,udp,-,0.002997,48,48,SF,-,-,0,Dd,1,76,1,76,-,Benign,-
1545360223.684278,CA578gBElalnCwbwc,192.168.1.197,38370,41.59.178.165,37215,tcp,-,-,-,-,S0,-,-,0,S,1,40,0,0,-,Malicious,Okiru
1569018276.045260,CebAmm4yVDTEd9KPhf,192.168.1.195,35618,162.248.88.215,62336,tcp,-,-,-,-,OTH,-,-,0,C,0,0,0,0,-,Malicious,DDoS
1551398282.025916,Cudk4D1bkYftfBUSyf,192.168.1.193,30535,217.0.164.127,8081,tcp,-,0.000005,0,0,S0,-,-,0,S,2,80,0,0,-,Malicious,PartOfAHorizontalPortScan
1547146286.759262,CytDzs2840hjYOjU4k,192.168.1.198,52458,82.248.52.236,23,tcp,-,-,-,-,S0,-,-,0,S,1,40,0,0,-,Benign,-
1551399237.921172,CAloCF29lNCFjYNXK8,192.168.1.193,30535,197.223.85.29,8081,tcp,-,0.000004,0,0,S0,-,-,0,S,2,80,0,0,-,Malicious,PartOfAHorizontalPortScan
1547083869.920111,CVV4Js1hJrtpIMWNDb,192.168.1.194,46163,217.221.71.206,22,tcp,-,-,-,-,S0,-,-,0,S,1,40,0,0,-,Malicious,PartOfAHorizontalPortScan
1547066238.664462,C0UtFO3HlADavHJ79e,192.168.1.194,45396,63.199.200.158,22,tcp,-,-,-,-,S0,-,-,0,S,1,40,0,0,-,Malicious,PartOfAHorizontalPortScan
1547131171.974796,CHabhw32LnjlIf2sVe,192.168.1.197,52450,185.244.25.183,4975,tcp,-,1.069394,67,233,S3,-,-,0,ShAdDaf,7,451,7,605,-,Benign,-
1569018329.624364,CYUAnI2d3dfAJsTkca,192.168.1.195,44534,162.248.88.215,62336,tcp,-,-,-,-,OTH,-,-,0,C,0,0,0,0,-,Malicious,DDoS
1545475821.458630,C41ru33hwB6OZiOCT,192.168.1.195,39610,71.61.66.148,80,tcp,-,-,-,-,S0,-,-,0,S,1,40,0,0,-,Malicious,DDoS
1545405144.752435,CLGzFa2m3rmRjwK96b,192.168.1.195,49212,185.244.25.235,6667,tcp,irc,2.079816,75,243,S3,-,-,0,ShAdDaf,9,559,6,563,-,Malicious,C&C
1545411172.008087,CxeAYa2kBlvkWoNgNb,192.168.1.196,60742,123.159.173.108,23,tcp,-,3.157962,0,0,S0,-,-,0,S,3,180,0,0,-,Benign,-
1547145941.793638,C4FI1YV7dE1y5La3a,192.168.1.198,24104,147.202.171.164,23,tcp,-,-,-,-,S0,-,-,0,S,1,40,0,0,-,Benign,-
1545451894.029475,CoWubB1R7vNpaDNBw6,192.168.1.196,31079,209.97.190.136,80,tcp,-,-,-,-,RSTOS0,-,-,0,I,1,40,0,0,-,Malicious,DDoS
1545473131.004546,CZABxaE8GS8URPcLi,192.168.1.196,59515,54.39.87.104,992,tcp,-,4.450475,0,0,RSTOS0,-,-,0,I,4,160,0,0,-,Malicious,DDoS
1526881686.388348,C7lmISyngS0o0ZOg1,192.168.2.5,33128,137.170.115.237,22,tcp,-,2.995170,0,0,S0,-,-,0,S,3,180,0,0,(empty),Malicious,PartOfAHorizontalPortScan
1547156643.952814,CoCBcznjNnEM4Ku3j,192.168.1.199,123,77.78.107.252,123,udp,-,-,-,-,S0,-,-,0,D,1,76,0,0,-,Benign,-
1538558221.569081,CABaMS1q78a1g4kpA6,192.168.100.103,56967,192.168.100.1,53,udp,dns,0.000749,45,45,SF,-,-,0,Dd,1,73,1,73,-,Benign,-
1551390276.205332,Ca7A8N2FG23zKno2L6,192.168.1.193,24159,197.93.124.39,8081,tcp,-,0.000504,0,0,S0,-,-,0,S,8,320,0,0,-,Malicious,PartOfAHorizontalPortScan
1545398092.784335,C9H3NBlcoDfLeCQPf,192.168.1.197,38114,75.179.41.106,8081,tcp,-,-,-,-,S0,-,-,0,S,1,40,0,0,-,Malicious,PartOfAHorizontalPortScan
1538480497.552022,CiR5Se1KJhA4StZEyi,192.168.100.103,123,185.189.115.149,123,udp,-,0.123435,48,48,SF,-,-,0,Dd,1,76,1,76,-,Benign,-
1569018470.805024,ClDh5b2yVKgNf3N7Sl,192.168.1.195,38325,162.248.88.215,62336,tcp,-,-,-,-,OTH,-,-,0,C,0,0,0,0,-,Malicious,DDoS
1569018464.288866,CkwuJC2NnUTr1WHLee,192.168.1.195,36453,162.248.88.215,62336,tcp,-,-,-,-,OTH,-,-,0,C,0,0,0,0,-,Malicious,DDoS
1547146561.866103,C0qUDaRYkMdV3tela,192.168.1.198,36922,139.98.181.185,23,tcp,-,-,-,-,S0,-,-,0,S,1,40,0,0,-,Benign,-
1538483708.549161,CwU3fc3evpOhrviYCl,192.168.100.103,123,185.189.115.149,123,udp,-,0.032980,48,48,SF,-,-,0,Dd,1,76,1,76,-,Benign,-
1545355367.052919,CMsdEV1KpzmAooHPDc,192.168.1.197,38114,42.88.68.37,8081,tcp,-,-,-,-,S0,-,-,0,S,1,40,0,0,-,Malicious,PartOfAHorizontalPortScan
1545488210.732105,Cvm0fe1rXiZVgOW719,192.168.1.195,56916,185.244.25.235,6667,tcp,-,3.127977,0,0,S0,-,-,0,S,3,180,0,0,-,Malicious,C&C
1545380251.455317,C4t4PpVz8FgwIY4C,192.168.1.197,38114,195.20.85.34,8081,tcp,-,-,-,-,S0,-,-,0,S,1,40,0,0,-,Malicious,PartOfAHorizontalPortScan
1526876132.593255,CpoPsE2JInzyjZk203,192.168.2.5,56531,203.44.30.106,22,tcp,ssh,7.371164,589,1250,SF,-,-,0,ShAdDaFf,13,1273,16,2090,(empty),Malicious,Attack
1538559168.552857,CgrxWA3qbiwwJUAAQk,192.168.100.103,32877,192.168.100.1,53,udp,dns,5.005395,78,0,S0,-,-,0,D,2,134,0,0,-,Benign,-
1533075472.176223,CSwdfp4ibuOLg3Qbw7,192.168.100.113,44744,178.128.185.250,50,tcp,-,-,-,-,S0,-,-,0,S,1,60,0,0,(empty),Malicious,C&C
1545421415.582542,Cil9ByleXrmgtyMx,192.168.1.196,52234,52.47.39.126,23,tcp,-,3.108226,0,0,S0,-,-,0,S,3,180,0,0,-,Benign,-
1547148213.383090,CnZVo33gO1llESkqJl,192.168.1.198,48841,45.246.168.72,52869,tcp,-,-,-,-,S0,-,-,0,S,1,40,0,0,-,Malicious,PartOfAHorizontalPortScan
1545405882.071003,C0MpLoDKfzQ8091Ki,192.168.1.197,43746,32.220.159.114,80,tcp,-,-,-,-,S0,-,-,0,S,1,40,0,0,-,Malicious,PartOfAHorizontalPortScan
1552058109.270268,CzpWWc1D7weIeEyZm7,192.168.1.197,63420,99.61.86.249,23,tcp,-,0.000002,0,0,S0,-,-,0,S,2,80,0,0,-,Malicious,PartOfAHorizontalPortScan
1545403371.987349,CzKLvtTqyhQXLf4El,192.168.1.198,36097,62.240.189.206,37215,tcp,-,-,-,-,S0,-,-,0,S,1,40,0,0,-,Malicious,Okiru
1569018267.355445,ChqDIYSj1eb3exyfe,192.168.1.195,27205,162.248.88.215,62336,tcp,-,-,-,-,OTH,-,-,0,C,0,0,0,0,-,Malicious,DDoS
1547146042.163179,CC4Fuc4nwgnWWojaj7,192.168.1.198,24360,197.93.78.130,37215,tcp,-,-,-,-,S0,-,-,0,S,1,40,0,0,-,Malicious,Okiru
1547078153.677175,CXVx0E2TBZuM4dNo7d,192.168.1.194,57799,83.234.199.1,22,tcp,-,-,-,-,S0,-,-,0,S,1,40,0,0,-,Malicious,PartOfAHorizontalPortScan
1552049589.519989,CDjS202JC68pniYOyb,192.168.1.197,63420,163.208.147.115,23,tcp,-,0.000006,0,0,S0,-,-,0,S,2,80,0,0,-,Malicious,PartOfAHorizontalPortScan
1526832061.826792,CPpBjg4t3gLU6Jy2r,192.168.2.5,47660,144.87.254.82,22,tcp,-,2.990556,0,0,S0,-,-,0,S,3,180,0,0,(empty),Malicious,PartOfAHorizontalPortScan
1551383948.296249,C4Lba12aK4FRgSwOh1,192.168.1.193,24159,197.219.81.115,8081,tcp,-,0.000005,0,0,S0,-,-,0,S,2,80,0,0,-,Malicious,PartOfAHorizontalPortScan
1551405985.172598,CzFHSl3z8HDDcTSea9,192.168.1.193,24159,197.135.5.249,8081,tcp,-,0.000006,0,0,S0,-,-,0,S,2,80,0,0,-,Malicious,PartOfAHorizontalPortScan
1545473612.678388,CmOu8H2RufqXMgCpqb,192.168.1.198,36097,14.236.194.151,37215,tcp,-,-,-,-,S0,-,-,0,S,1,40,0,0,-,Malicious,Okiru
1545466960.333738,Cr3gwL2m1uVcQulxUk,192.168.1.195,65279,123.59.209.185,80,tcp,-,-,-,-,OTH,-,-,0,C,0,0,0,0,-,Malicious,DDoS
1547147429.122208,CmbDswgjaJIlZJOrc,192.168.1.198,53245,156.98.190.186,37215,tcp,-,-,-,-,S0,-,-,0,S,1,40,0,0,-,Malicious,Okiru
1533126449.534534,Cyok191BdIjPaDt1le,192.168.100.113,38108,128.185.250.50,50,tcp,-,-,-,-,S0,-,-,0,S,1,60,0,0,(empty),Malicious,C&C
1526857336.789150,CiyvSm235nyzZXoJXc,192.168.2.5,46718,200.168.87.203,59353,tcp,-,-,-,-,S0,-,-,0,S,1,60,0,0,(empty),Malicious,PartOfAHorizontalPortScan
1569018307.570640,CXZT2n2tm01rREFgbi,192.168.1.195,7494,162.248.88.215,62336,tcp,-,-,-,-,OTH,-,-,0,C,0,0,0,0,-,Malicious,DDoS
1545428361.859408,Czp89i2wwvX3qEEkx9,192.168.1.198,36097,206.158.212.122,37215,tcp,-,-,-,-,S0,-,-,0,S,1,40,0,0,-,Malicious,Okiru
1547086255.335635,C6jrjX2mDKMRDZXcN8,192.168.1.194,45373,129.79.204.176,22,tcp,-,-,-,-,S0,-,-,0,S,1,40,0,0,-,Malicious,PartOfAHorizontalPortScan
1545473171.846310,CxE7JS2URN2GvKoKZb,192.168.1.196,57490,54.39.87.104,992,tcp,-,4.916941,0,0,RSTOS0,-,-,0,I,7,280,0,0,-,Malicious,DDoS
1533065339.690215,CeD8Mnw9vNow3CATc,192.168.100.113,35056,128.185.250.50,50,tcp,-,-,-,-,S0,-,-,0,S,1,60,0,0,(empty),Malicious,C&C
1547133300.349856,C2c9PD38zmmTDoEME1,192.168.1.197,53374,185.244.25.183,4975,tcp,-,3.136457,0,0,S0,-,-,0,S,3,180,0,0,-,Benign,-
1551383504.022197,C7898d3CwtCkTkAKq,192.168.1.200,49638,125.156.17.161,23,tcp,-,0.000002,0,0,S0,-,-,0,S,2,120,0,0,-,Malicious,PartOfAHorizontalPortScan
1547084334.778551,Cywvcj2HiMMg6MNKb8,192.168.1.194,47108,165.251.82.153,22,tcp,-,-,-,-,S0,-,-,0,S,1,40,0,0,-,Malicious,PartOfAHorizontalPortScan
1545484497.765241,CvmUEo1ZCKk1HSdJRj,192.168.1.195,56446,185.244.25.235,6667,tcp,-,3.134974,0,0,S0,-,-,0,S,3,180,0,0,-,Malicious,C&C
1545473210.472277,Cn5xyD2Jgkruez8Tu8,192.168.1.196,16225,54.39.87.104,992,tcp,-,-,-,-,RSTOS0,-,-,0,I,1,40,0,0,-,Malicious,DDoS
1533126352.894551,Czl4n02WMEINGTy3O4,192.168.100.113,38104,128.185.250.50,50,tcp,-,-,-,-,S0,-,-,0,S,1,60,0,0,(empty),Malicious,C&C
1526019049.999786,CjXOqOnQGMvHqlpnc,192.168.100.103,43763,228.0.137.90,36993,udp,-,-,-,-,S0,-,-,0,D,1,40,0,0,(empty),Benign,-
1552066137.852034,CJgFlO2fPP0jXjQwj2,192.168.1.197,63420,71.235.45.18,23,tcp,-,0.000002,0,0,S0,-,-,0,S,2,80,0,0,-,Malicious,PartOfAHorizontalPortScan
1533068452.094172,CaOhr842Uxxi0nYYla,192.168.100.113,44392,178.128.185.250,50,tcp,-,-,-,-,S0,-,-,0,S,1,60,0,0,(empty),Malicious,C&C
1547068008.831714,CD14VP1rw99D6X59qf,192.168.1.194,59375,211.92.50.63,22,tcp,-,-,-,-,S0,-,-,0,S,1,40,0,0,-,Malicious,PartOfAHorizontalPortScan
1545483615.630233,CpjdUx4vy9OYa4sVI2,192.168.1.195,56344,185.244.25.235,6667,tcp,-,3.106960,0,0,S0,-,-,0,S,3,180,0,0,-,Malicious,C&C
1552078127.490435,CQ0LTC3OafyhUx0MMb,192.168.1.197,63420,90.91.133.114,23,tcp,-,0.000001,0,0,S0,-,-,0,S,2,80,0,0,-,Malicious,PartOfAHorizontalPortScan
1547130378.284142,Crxj5RVItNqj7XbOb,192.168.1.197,52084,185.244.25.183,4975,tcp,-,-,-,-,S0,-,-,0,S,1,60,0,0,-,Benign,-
1538540800.549321,CbFs3q2ZRwIoVDvuk4,192.168.100.103,123,217.30.75.147,123,udp,-,0.003995,48,48,SF,-,-,0,Dd,1,76,1,76,-,Benign,-
1547073605.328116,CMI6tC78OCzuiTGW7,192.168.1.194,46751,81.115.183.179,22,tcp,-,-,-,-,S0,-,-,0,S,1,40,0,0,-,Malicious,PartOfAHorizontalPortScan
1526102317.722974,CYsp7X3bKSWe6NmaU5,192.168.100.103,33720,70.45.29.240,23,tcp,-,12.812932,79,174,SF,-,-,0,ShAdDafF,29,1595,28,1638,(empty),Malicious,PartOfAHorizontalPortScan
1533117287.932403,Ct9STKMEX36hNeHbg,192.168.100.113,46832,178.128.185.250,50,tcp,-,-,-,-,S0,-,-,0,S,1,60,0,0,(empty),Malicious,C&C
1547072704.624162,CLvYARqqgcX9VUyTi,192.168.1.194,60150,132.93.94.212,22,tcp,-,-,-,-,S0,-,-,0,S,1,40,0,0,-,Malicious,PartOfAHorizontalPortScan
1533105522.036024,CHexx93Qkr1AnumO71,192.168.100.113,37064,128.185.250.50,50,tcp,-,3.098236,0,0,S0,-,-,0,S,3,180,0,0,(empty),Malicious,C&C
1545464353.994840,Cw5TWi1uilmTFLozP4,192.168.1.198,36097,105.121.185.249,37215,tcp,-,-,-,-,S0,-,-,0,S,1,40,0,0,-,Malicious,Okiru
1551384869.743832,CD29Mx34cSsfuaLvb,192.168.1.193,24159,197.55.214.101,8081,tcp,-,0.000005,0,0,S0,-,-,0,S,2,80,0,0,-,Malicious,PartOfAHorizontalPortScan
1538557990.561298,CgDoo3Co8MPzosJCk,192.168.100.103,36274,192.168.100.1,53,udp,dns,5.000407,78,0,S0,-,-,0,D,2,134,0,0,-,Benign,-
1552091454.036235,CoDVHU3ksE4PZNFKcb,192.168.1.197,63420,110.43.10.118,23,tcp,-,0.000003,0,0,S0,-,-,0,S,2,80,0,0,-,Malicious,PartOfAHorizontalPortScan
1545380397.253455,Cj30yt1ReI4vBvqESc,192.168.1.197,43746,212.37.35.223,80,tcp,-,-,-,-,S0,-,-,0,S,1,40,0,0,-,Malicious,PartOfAHorizontalPortScan
1533101143.475464,CB75743Xlb1WLxfno4,192.168.100.113,123,147.231.100.5,123,udp,-,0.001741,48,48,SF,-,-,0,Dd,1,76,1,76,(empty),Benign,-
1545481909.669843,CmTiv93OMMBqrm8hAd,192.168.1.196,36652,76.102.110.182,23,tcp,-,3.094739,0,0,S0,-,-,0,S,3,180,0,0,-,Benign,-
1547081014.759567,CBsRDI3DF76OK7dH5,192.168.1.194,53045,62.22.43.45,22,tcp,-,-,-,-,S0,-,-,0,S,1,40,0,0,-,Malicious,PartOfAHorizontalPortScan
1533052163.472990,Cq7L2q4u5rJPs0IMde,192.168.100.113,123,80.79.25.111,123,udp,-,0.002244,48,48,SF,-,-,0,Dd,1,76,1,76,(empty),Benign,-
1552063951.071759,Cx0Qvi3CZpxlPYd115,192.168.1.197,63420,17.173.208.231,23,tcp,-,0.000003,0,0,S0,-,-,0,S,2,80,0,0,-,Malicious,PartOfAHorizontalPortScan
1547132141.456602,C7diJW3KDmMpW1qE7l,192.168.1.197,46155,192.168.1.1,53,udp,dns,0.024739,29,45,SF,-,-,0,Dd,1,57,1,73,-,Benign,-
1545437614.520335,CpUXlJ3Ks5CS4tmnS,192.168.1.196,35698,145.158.40.56,23,tcp,-,-,-,-,S0,-,-,0,S,1,60,0,0,-,Benign,-
1545398601.961129,CTXKCD2A98SnVBah6e,192.168.1.197,38114,79.115.25.132,8081,tcp,-,-,-,-,S0,-,-,0,S,1,40,0,0,-,Malicious,PartOfAHorizontalPortScan
1545442611.523988,CQRaN33uvSu7JEckWc,192.168.1.198,36097,76.255.18.196,37215,tcp,-,-,-,-,S0,-,-,0,S,1,40,0,0,-,Malicious,Okiru
1569018461.535528,ChWnmj2vPjPYMrnL3d,192.168.1.195,38341,162.248.88.215,62336,tcp,-,-,-,-,OTH,-,-,0,C,0,0,0,0,-,Malicious,DDoS
1533068915.456246,CU7ZhQ3MvucAr2YOri,192.168.100.113,44416,178.128.185.250,50,tcp,-,-,-,-,S0,-,-,0,S,1,60,0,0,(empty),Malicious,C&C
1545376788.548582,CwGIWb1miKkja4u3Ol,192.168.1.197,38370,156.143.76.14,37215,tcp,-,-,-,-,S0,-,-,0,S,1,40,0,0,-,Malicious,Okiru
1526803009.605710,C3xBdy3NfL877Muddd,192.168.2.5,60874,144.183.120.148,22,tcp,-,2.992583,0,0,S0,-,-,0,S,3,180,0,0,(empty),Malicious,PartOfAHorizontalPortScan
1547066811.555438,CSVOtk1PSX86rBJfHh,192.168.1.194,42086,148.101.144.123,22,tcp,-,-,-,-,S0,-,-,0,S,1,40,0,0,-,Malicious,PartOfAHorizontalPortScan
1533073986.094735,CG4U1Y1mxS4SxsNtFb,192.168.100.113,35488,128.185.250.50,50,tcp,-,-,-,-,S0,-,-,0,S,1,60,0,0,(empty),Malicious,C&C
1552088190.462489,Cfmxhk46ZAeKsQxAB,192.168.1.197,63420,201.116.100.132,23,tcp,-,0.000002,0,0,S0,-,-,0,S,2,80,0,0,-,Malicious,PartOfAHorizontalPortScan
1526861608.778878,CLWRy1UN59yLiwRq9,192.168.2.5,50601,200.168.87.203,59353,tcp,-,-,-,-,S0,-,-,0,S,1,60,0,0,(empty),Malicious,PartOfAHorizontalPortScan
1526053094.012935,CJXJDk4Tj56AQdQTS6,192.168.100.103,43763,146.214.240.108,11315,udp,-,-,-,-,S0,-,-,0,D,1,40,0,0,(empty),Benign,-
1526176698.047026,Cef6id29NNQGoQRUV9,192.168.100.103,56570,106.22.226.56,23,tcp,-,-,-,-,S0,-,-,0,S,1,60,0,0,(empty),Malicious,PartOfAHorizontalPortScan
1552076342.788083,CTLjxF3CtPn3HrRT6l,192.168.1.197,63420,8.137.222.65,23,tcp,-,0.000006,0,0,S0,-,-,0,S,2,80,0,0,-,Malicious,PartOfAHorizontalPortScan
1545380705.813843,C2fHbs3pQSLIZYwOja,192.168.1.197,38370,156.70.63.237,37215,tcp,-,-,-,-,S0,-,-,0,S,1,40,0,0,-,Malicious,Okiru
1545408711.405720,Cp16U22PaUEyyBHNOc,192.168.1.196,52930,95.140.149.118,23,tcp,-,-,-,-,S0,-,-,0,S,1,60,0,0,-,Benign,-
1551380893.645075,CYmEqo2Q0FiK3uYr39,192.168.1.200,52422,108.157.88.133,23,tcp,-,3.096473,0,0,S0,-,-,0,S,6,360,0,0,-,Malicious,PartOfAHorizontalPortScan
1545451680.598291,CAgdYX3UqnokD7fZ41,192.168.1.196,21996,209.97.190.136,22,tcp,-,96.112400,35491495142,0,OTH,-,-,0,DTT,74,3700,0,0,-,Malicious,DDoS
1545432689.501630,CzFx9N3SsOUUpYp0a8,192.168.1.198,36097,67.21.151.248,37215,tcp,-,-,-,-,S0,-,-,0,S,1,40,0,0,-,Malicious,Okiru
1547092506.571899,CJmeqn2BOngeCHwNvk,192.168.1.194,36925,34.41.99.3,22,tcp,-,-,-,-,S0,-,-,0,S,1,40,0,0,-,Malicious,PartOfAHorizontalPortScan
1545422456.298881,C1yXjo11ftJFMQ5Xp6,192.168.1.197,44002,41.47.15.67,52869,tcp,-,-,-,-,S0,-,-,0,S,1,40,0,0,-,Malicious,PartOfAHorizontalPortScan
1547088084.061105,CcRC2h1JfqIm33KrWh,192.168.1.194,41070,45.169.49.214,22,tcp,-,-,-,-,S0,-,-,0,S,1,40,0,0,-,Malicious,PartOfAHorizontalPortScan
1533094686.254261,CGLEVk2iPEaSG5W7Wf,192.168.100.113,45704,178.128.185.250,50,tcp,-,-,-,-,S0,-,-,0,S,1,60,0,0,(empty),Malicious,C&C
1545475956.203059,CCvlbC2j70fS6mgPl,192.168.1.195,55362,185.244.25.235,6667,tcp,-,3.095000,0,0,S0,-,-,0,S,3,180,0,0,-,Malicious,C&C
1547072264.155801,C0JbBW7a6zRi5JtVg,192.168.1.194,50321,196.66.188.252,22,tcp,-,-,-,-,S0,-,-,0,S,1,40,0,0,-,Malicious,PartOfAHorizontalPortScan
1547157445.952696,CxmpZf2SM24L5iL8j4,192.168.1.199,123,77.78.107.252,123,udp,-,-,-,-,S0,-,-,0,D,1,76,0,0,-,Benign,-
1547081087.868632,CZ7oJJ1r6U2kBSTVIi,192.168.1.194,38158,188.253.35.83,22,tcp,-,-,-,-,S0,-,-,0,S,1,40,0,0,-,Malicious,PartOfAHorizontalPortScan
1545373167.444712,CgjQWK2JgoArTveBKj,192.168.1.197,44002,197.214.207.47,52869,tcp,-,-,-,-,S0,-,-,0,S,1,40,0,0,-,Malicious,PartOfAHorizontalPortScan
1547146630.367536,CXhjIb3VmhMaT9gGhh,192.168.1.198,15026,185.250.71.194,52869,tcp,-,-,-,-,S0,-,-,0,S,1,40,0,0,-,Malicious,PartOfAHorizontalPortScan
1525945344.020471,C9lvlOMtXkJeXSw5f,192.168.100.103,48376,147.139.121.181,8080,tcp,-,-,-,-,S0,-,-,0,S,1,60,0,0,(empty),Malicious,PartOfAHorizontalPortScan
1526015623.007476,C9MXNb4YOrLg2WQn04,192.168.100.103,43763,236.124.160.48,39881,udp,-,-,-,-,S0,-,-,0,D,1,40,0,0,(empty),Benign,-
1547127435.735291,Ce1jz83xH5Wkfr8Aih,192.168.1.197,46802,192.168.1.1,53,udp,dns,0.000498,29,45,SF,-,-,0,Dd,1,57,1,73,-,Benign,-
1526832853.109935,CLsKjk3TMPUHi6GIZd,192.168.2.5,40426,144.106.138.139,22,tcp,-,-,-,-,S0,-,-,0,S,1,60,0,0,(empty),Malicious,PartOfAHorizontalPortScan
1569018343.018756,CY02OY3Ybb0xq5xmr9,192.168.1.195,49268,162.248.88.215,62336,tcp,-,-,-,-,OTH,-,-,0,C,0,0,0,0,-,Malicious,DDoS
1526793660.478266,CWd3Xo2QMXLgGSCWuj,192.168.2.5,46872,161.232.180.8,22,tcp,-,-,-,-,S0,-,-,0,S,1,60,0,0,(empty),Malicious,PartOfAHorizontalPortScan
1538536225.551835,C67GucLafxZbHSh19,192.168.100.103,123,217.30.75.147,123,udp,-,0.021484,48,48,SF,-,-,0,Dd,1,76,1,76,-,Benign,-
1526261060.025704,Cj5jGEpBq8ci0DzPc,192.168.100.103,43763,146.221.238.127,51246,udp,-,-,-,-,S0,-,-,0,D,1,40,0,0,(empty),Benign,-
1552069403.431796,ChhIm22kgvVYFAHYDj,192.168.1.197,63420,165.184.14.15,23,tcp,-,0.000002,0,0,S0,-,-,0,S,2,80,0,0,-,Malicious,PartOfAHorizontalPortScan
1526832404.428541,CGCxqe2v1KHPTidAc9,192.168.2.5,32917,144.50.25.11,22,tcp,-,-,-,-,S0,-,-,0,S,1,60,0,0,(empty),Malicious,PartOfAHorizontalPortScan
1569018468.308306,CnkTR34LkvQLOIOJA4,192.168.1.195,59732,162.248.88.215,62336,tcp,-,-,-,-,OTH,-,-,0,C,0,0,0,0,-,Malicious,DDoS
1551381584.263681,CZ9I1r2xokLskMkTbe,192.168.1.200,57568,69.169.91.132,23,tcp,-,0.000002,0,0,S0,-,-,0,S,2,120,0,0,-,Malicious,PartOfAHorizontalPortScan
1545398102.802826,C3LVRastbG22rPke,192.168.1.197,38370,41.29.169.220,37215,tcp,-,-,-,-,S0,-,-,0,S,1,40,0,0,-,Malicious,Okiru
1551389877.831894,CxsPty47RtzJSDbeO8,192.168.1.200,43364,123.107.225.139,23,tcp,-,3.150706,0,0,S0,-,-,0,S,6,360,0,0,-,Malicious,PartOfAHorizontalPortScan
1551395225.990652,Cehbu44G1YZK7HeQJd,192.168.1.193,30535,197.101.237.166,8081,tcp,-,0.000005,0,0,S0,-,-,0,S,2,80,0,0,-,Malicious,PartOfAHorizontalPortScan
1547072800.979914,CrJi5L2CfshFEOFWph,192.168.1.194,41737,162.29.223.95,22,tcp,-,-,-,-,S0,-,-,0,S,1,40,0,0,-,Malicious,PartOfAHorizontalPortScan
1545364435.494238,CUgzej2enpvqOhLN56,192.168.1.197,38370,156.211.153.33,37215,tcp,-,-,-,-,S0,-,-,0,S,1,40,0,0,-,Malicious,Okiru
1569018312.588075,Cl7B3A2xylYET4e65i,192.168.1.195,1313,162.248.88.215,62336,tcp,-,-,-,-,OTH,-,-,0,C,0,0,0,0,-,Malicious,DDoS
1569018269.671764,CoRFOS24iw8bJZwo1g,192.168.1.195,30248,162.248.88.215,62336,tcp,-,-,-,-,OTH,-,-,0,C,0,0,0,0,-,Malicious,DDoS
1538530385.551027,CaqcPz3zqW8I8kuoei,192.168.100.103,48744,192.168.100.1,53,udp,dns,5.001398,78,0,S0,-,-,0,D,2,134,0,0,-,Benign,-
1533070119.476879,CBG3pFyCnhp0XBTd9,192.168.100.113,123,147.251.48.140,123,udp,-,0.004994,48,48,SF,-,-,0,Dd,1,76,1,76,(empty),Benign,-
1551382593.623689,CbdM5v31klXwOAfpFb,192.168.1.200,57516,94.124.169.115,23,tcp,-,0.000005,0,0,S0,-,-,0,S,2,120,0,0,-,Malicious,PartOfAHorizontalPortScan
1545473159.918844,CwLcCOZd7DUT05Z33,192.168.1.196,11708,54.39.87.104,992,tcp,-,3.390556,0,0,RSTOS0,-,-,0,I,3,120,0,0,-,Malicious,DDoS
1545474525.948321,Cr7Bgr2bXtfqbTvqmk,192.168.1.198,36097,103.179.164.204,37215,tcp,-,-,-,-,S0,-,-,0,S,1,40,0,0,-,Malicious,Okiru
1526788034.788427,CaYeJVD4a0lAa3r29,192.168.2.5,37682,141.1.36.233,22,tcp,-,-,-,-,S0,-,-,0,S,1,60,0,0,(empty),Malicious,PartOfAHorizontalPortScan
1545451863.044092,C57Lbv11BBTj3dtIsf,192.168.1.196,39049,209.97.190.136,80,tcp,-,-,-,-,RSTOS0,-,-,0,I,1,40,0,0,-,Malicious,DDoS
1545466960.800711,C2HOEvIxh9JpCMYR6,192.168.1.195,65279,123.59.209.185,80,tcp,-,-,-,-,OTH,-,-,0,C,0,0,0,0,-,Malicious,DDoS
1545466988.148336,C6eKGf2fCiUQun77ek,192.168.1.195,65279,123.59.209.185,80,tcp,-,-,-,-,OTH,-,-,0,C,0,0,0,0,-,Malicious,DDoS
1547128350.203775,CAkj941pEzyUVejag5,192.168.1.197,51208,185.244.25.183,4975,tcp,-,-,-,-,S0,-,-,0,S,1,60,0,0,-,Benign,-
1545451744.639681,CsUtaj2C3Q7uH2Zo23,192.168.1.198,36097,158.60.69.42,37215,tcp,-,-,-,-,S0,-,-,0,S,1,40,0,0,-,Malicious,Okiru
1551388251.066361,CqqMfwJ7AiS4caFJb,192.168.1.193,24159,197.147.85.196,8081,tcp,-,0.000005,0,0,S0,-,-,0,S,2,80,0,0,-,Malicious,PartOfAHorizontalPortScan
1547145257.667867,Cdasjp3DZ938fsvxfg,192.168.1.198,25030,91.210.0.57,52869,tcp,-,-,-,-,S0,-,-,0,S,1,40,0,0,-,Malicious,PartOfAHorizontalPortScan
1547146368.714253,Cd0Y3c2aHfoeOPHul,192.168.1.198,22568,91.99.56.143,52869,tcp,-,-,-,-,S0,-,-,0,S,1,40,0,0,-,Malicious,PartOfAHorizontalPortScan
1547146625.881600,C7DPKx4OjuPMhAbkW4,192.168.1.198,52458,106.46.80.179,23,tcp,-,-,-,-,S0,-,-,0,S,1,40,0,0,-,Benign,-
1538500457.550103,C3an7i2j23Ylw2oKVj,192.168.100.103,123,217.30.75.147,123,udp,-,0.186646,48,48,SF,-,-,0,Dd,1,76,1,76,-,Benign,-
1545482022.682822,CyrNSMwRyiTQ660Kh,192.168.1.196,57802,171.150.101.156,23,tcp,-,-,-,-,S0,-,-,0,S,1,60,0,0,-,Benign,-
1545424568.082436,CBCN134h4Rf9jTdkT1,192.168.1.198,36097,49.183.100.6,37215,tcp,-,-,-,-,S0,-,-,0,S,1,40,0,0,-,Malicious,Okiru
1545388726.817105,CCHdVPWYRJedR4RCe,192.168.1.197,43746,129.140.103.11,80,tcp,-,-,-,-,S0,-,-,0,S,1,40,0,0,-,Malicious,PartOfAHorizontalPortScan
1552054462.727296,CBFSmq38jeORNSN3dg,192.168.1.197,63420,108.57.195.13,23,tcp,-,0.000002,0,0,S0,-,-,0,S,2,80,0,0,-,Malicious,PartOfAHorizontalPortScan
1569018396.468881,CENbAT2oIyljIP1Ri5,192.168.1.195,12077,162.248.88.215,62336,tcp,-,-,-,-,OTH,-,-,0,C,0,0,0,0,-,Malicious,DDoS
1538534962.601375,Ctjeby3YQCVqmB904b,192.168.100.103,123,185.189.115.149,123,udp,-,-,-,-,S0,-,-,0,D,1,76,0,0,-,Benign,-
1526008248.010969,CLEtcz2Ch9yC4FZqV7,192.168.100.103,43763,82.54.94.236,8894,udp,-,-,-,-,S0,-,-,0,D,1,40,0,0,(empty),Benign,-
1551406574.742237,CeBmmg4HlXks3qYuOk,192.168.1.200,40100,149.182.173.162,23,tcp,-,0.000002,0,0,S0,-,-,0,S,2,120,0,0,-,Malicious,PartOfAHorizontalPortScan
1552085470.222470,Czk7fk2jjaORcaMUr7,192.168.1.197,63420,19.46.251.72,23,tcp,-,0.000002,0,0,S0,-,-,0,S,2,80,0,0,-,Malicious,PartOfAHorizontalPortScan
1547131604.662069,Cytg413drCRrxu61ob,192.168.1.197,52656,185.244.25.183,4975,tcp,-,4.074180,67,233,S3,-,-,0,ShAdDaf,9,559,6,553,-,Benign,-
1533111934.014507,CYJHzE3JiIxYOJEWdh,192.168.100.113,37384,128.185.250.50,50,tcp,-,-,-,-,S0,-,-,0,S,1,60,0,0,(empty),Malicious,C&C
1545412667.824400,CKNMTt3nMAFTTNPpBl,192.168.1.197,44002,156.23.17.209,52869,tcp,-,-,-,-,S0,-,-,0,S,1,40,0,0,-,Malicious,PartOfAHorizontalPortScan
1547132747.106746,CywcIs4Dt1bpA7Bjr7,192.168.1.197,53136,185.244.25.183,4975,tcp,-,2.061826,67,233,S3,-,-,0,ShAdDaf,8,511,7,605,-,Benign,-
1569018410.560916,C7iGx42mX1BcOta3p2,192.168.1.195,13050,162.248.88.215,62336,tcp,-,-,-,-,OTH,-,-,0,C,0,0,0,0,-,Malicious,DDoS
1545411688.335005,C0VZtY3fIW7fXqQjPg,192.168.1.195,51074,185.244.25.235,6667,tcp,-,3.126220,0,0,S0,-,-,0,S,3,180,0,0,-,Malicious,C&C
1552087828.246895,Cl2bEn4lSFoGX5A8U5,192.168.1.197,63420,147.193.207.181,23,tcp,-,0.000002,0,0,S0,-,-,0,S,2,80,0,0,-,Malicious,PartOfAHorizontalPortScan
1540497701.944687,ConecaEMF5PhSgMI,192.168.1.132,68,192.168.1.1,67,udp,dhcp,0.000994,300,300,SF,-,-,0,Dd,1,328,1,328,-,benign,-
1551386192.173202,CdSBkn1ZW7nOYEzaH6,192.168.1.200,53592,74.102.124.138,23,tcp,-,3.134000,0,0,S0,-,-,0,S,6,360,0,0,-,Malicious,PartOfAHorizontalPortScan
1547084765.406127,Cd4mf43l7Ae9GR8D9j,192.168.1.194,57402,165.168.165.28,22,tcp,-,-,-,-,S0,-,-,0,S,1,40,0,0,-,Malicious,PartOfAHorizontalPortScan
1526269216.030355,CffTvx40dLAWnj7NH1,192.168.100.103,43763,205.98.92.239,10940,udp,-,-,-,-,S0,-,-,0,D,1,40,0,0,(empty),Benign,-
1551393680.260926,CzbIoA2vcao0r9cchg,192.168.1.193,30535,197.251.66.148,8081,tcp,-,0.000008,0,0,S0,-,-,0,S,4,160,0,0,-,Malicious,PartOfAHorizontalPortScan
1547130795.963883,CZXfnN2HJsSZS0Ri9c,192.168.1.197,52280,185.244.25.183,4975,tcp,-,-,-,-,S0,-,-,0,S,1,60,0,0,-,Benign,-
1526192903.024418,CmMxEL1Y9a1NUdnsSd,192.168.100.103,43763,63.247.147.214,32686,udp,-,-,-,-,S0,-,-,0,D,1,40,0,0,(empty),Benign,-
1545339806.082635,CVFj014JudnPsiPOTd,192.168.1.197,44002,197.188.225.94,52869,tcp,-,-,-,-,S0,-,-,0,S,1,40,0,0,-,Malicious,PartOfAHorizontalPortScan
1545418220.042175,C377K64NtTmx8oRHQ9,192.168.1.198,36097,159.198.96.70,37215,tcp,-,-,-,-,S0,-,-,0,S,1,40,0,0,-,Malicious,Okiru
1569018370.412478,Cphk2lRtlvnzjIWhh,192.168.1.195,8404,162.248.88.215,62336,tcp,-,-,-,-,OTH,-,-,0,C,0,0,0,0,-,Malicious,DDoS
1545342911.658408,CkVTi211kUArvuIn4l,192.168.1.197,43746,212.65.220.229,80,tcp,-,-,-,-,S0,-,-,0,S,1,40,0,0,-,Malicious,PartOfAHorizontalPortScan
1545367805.595117,CiLC3v1yFHQFsivXJ5,192.168.1.197,44002,41.55.255.95,52869,tcp,-,-,-,-,S0,-,-,0,S,1,40,0,0,-,Malicious,PartOfAHorizontalPortScan
1545408039.996011,CSXG3n2IMuqUOrIE0a,192.168.1.198,36097,155.246.179.154,37215,tcp,-,-,-,-,S0,-,-,0,S,1,40,0,0,-,Malicious,Okiru
1551408336.504508,CsX39X1uA5aEm58La4,192.168.1.193,30535,217.156.161.21,8081,tcp,-,0.000002,0,0,S0,-,-,0,S,2,80,0,0,-,Malicious,PartOfAHorizontalPortScan
1569018433.938183,CGDqsd4Onhd48M3ng8,192.168.1.195,3569,162.248.88.215,62336,tcp,-,-,-,-,OTH,-,-,0,C,0,0,0,0,-,Malicious,DDoS
1551403112.338675,CFYHvD8154RQlE5I6,192.168.1.200,53368,75.140.66.64,23,tcp,-,0.000002,0,0,S0,-,-,0,S,2,120,0,0,-,Malicious,PartOfAHorizontalPortScan
1545388274.679601,CpItpz3xOuaHYeMLzd,192.168.1.197,38370,197.220.249.187,37215,tcp,-,-,-,-,S0,-,-,0,S,1,40,0,0,-,Malicious,Okiru
1526257569.054972,CD1iUU34BPQT072zXc,192.168.100.103,37049,82.224.153.22,23,tcp,-,-,-,-,S0,-,-,0,S,1,60,0,0,(empty),Malicious,PartOfAHorizontalPortScan
1538535001.550976,CfbzGmJmvW2Q3wKl,192.168.100.103,123,83.167.252.118,123,udp,-,-,-,-,S0,-,-,0,D,1,76,0,0,-,Benign,-
1569018357.728255,C0G2bP3Q8z09J6tVWl,192.168.1.195,37034,162.248.88.215,62336,tcp,-,-,-,-,OTH,-,-,0,C,0,0,0,0,-,Malicious,DDoS
1533070908.735304,CVRZDlLKcVtK7zMIb,192.168.100.113,44516,178.128.185.250,50,tcp,-,-,-,-,S0,-,-,0,S,1,60,0,0,(empty),Malicious,C&C
1538556268.549102,Ch99YZ1AZJg3lLGVa3,192.168.100.103,123,217.30.75.147,123,udp,-,0.002986,48,48,SF,-,-,0,Dd,1,76,1,76,-,Benign,-
1547146185.183644,CXdPY53mLzvdnrzUm7,192.168.1.198,32751,197.36.90.171,23,tcp,-,-,-,-,S0,-,-,0,S,1,40,0,0,-,Benign,-
1547092363.252248,CXbdg14Q4xndwO4UZf,192.168.1.194,56503,124.202.207.44,22,tcp,-,-,-,-,S0,-,-,0,S,1,40,0,0,-,Malicious,PartOfAHorizontalPortScan
1533124102.974470,CLau6cxWWsgHVNpo9,192.168.100.113,37992,128.185.250.50,50,tcp,-,-,-,-,S0,-,-,0,S,1,60,0,0,(empty),Malicious,C&C
1526198243.013451,C4Xg3V17jQsUsUVNh,192.168.100.103,43763,236.192.137.68,63232,udp,-,-,-,-,S0,-,-,0,D,1,40,0,0,(empty),Benign,-
1545466985.527082,CVzjNy4RN9nTnLNuj2,192.168.1.195,65279,123.59.209.185,80,tcp,-,-,-,-,OTH,-,-,0,C,0,0,0,0,-,Malicious,DDoS
1545387633.145077,C7kenS2wZsLQVVEi34,192.168.1.197,38114,111.136.252.202,8081,tcp,-,-,-,-,S0,-,-,0,S,1,40,0,0,-,Malicious,PartOfAHorizontalPortScan
1551396617.720838,C9xO3O3CkZXMoKBAYj,192.168.1.193,30535,217.123.31.94,8081,tcp,-,0.000004,0,0,S0,-,-,0,S,2,80,0,0,-,Malicious,PartOfAHorizontalPortScan
1552065629.452367,CimX9R3YVhLxi1esPi,192.168.1.197,63420,114.149.241.78,23,tcp,-,0.000002,0,0,S0,-,-,0,S,2,80,0,0,-,Malicious,PartOfAHorizontalPortScan
1547083722.214019,CpLx8j27QGVlC1kZ9d,192.168.1.194,55550,40.71.104.160,22,tcp,-,-,-,-,S0,-,-,0,S,1,40,0,0,-,Malicious,PartOfAHorizontalPortScan
1526236993.023628,CRAOOE1w73UdqQXYO2,192.168.100.103,43763,24.131.142.174,26803,udp,-,-,-,-,S0,-,-,0,D,1,40,0,0,(empty),Benign,-
1547151421.583457,CiTgHE2QZZplO0FR4l,192.168.1.197,45813,192.168.1.1,53,udp,dns,5.002910,160,0,S0,-,-,0,D,4,272,0,0,-,Benign,-
1551409780.389862,C8vbju39Lg5lp9lPQc,192.168.1.200,36290,94.102.135.168,23,tcp,-,3.159212,0,0,S0,-,-,0,S,6,360,0,0,-,Malicious,PartOfAHorizontalPortScan
1538557120.548848,CdCLxY3Xw3RnUJ4v6j,192.168.100.103,123,217.30.75.147,123,udp,-,0.002745,48,48,SF,-,-,0,Dd,1,76,1,76,-,Benign,-
1545441563.997838,Cvzi843vk3mYJ1lpIb,192.168.1.198,36097,40.216.50.140,37215,tcp,-,-,-,-,S0,-,-,0,S,1,40,0,0,-,Malicious,Okiru
1569018528.103360,CvmbLU3vIV0vc3YyT3,192.168.1.195,11681,162.248.88.215,62336,tcp,-,-,-,-,OTH,-,-,0,C,0,0,0,0,-,Malicious,DDoS
1545471194.043363,CcTAAdKbXYSxRtpk6,192.168.1.196,32880,5.115.153.90,23,tcp,-,-,-,-,S0,-,-,0,S,1,60,0,0,-,Benign,-
1526825818.122474,CgWJct262QIK2IMQvh,192.168.2.5,56117,200.168.87.203,59353,tcp,-,2.994311,0,0,S0,-,-,0,S,3,180,0,0,(empty),Malicious,PartOfAHorizontalPortScan
1569018241.811997,CeKfhU1b0vC6r3lQ1b,192.168.1.195,22395,162.248.88.215,62336,tcp,-,-,-,-,OTH,-,-,0,C,0,0,0,0,-,Malicious,DDoS
1538560446.586597,CiD6a13QHshLxkAVll,192.168.100.103,123,89.221.210.188,123,udp,-,-,-,-,S0,-,-,0,D,1,76,0,0,-,Benign,-
1533108484.214553,CiGd9D4R03JzZ5uEif,192.168.100.113,37212,128.185.250.50,50,tcp,-,3.159951,0,0,S0,-,-,0,S,3,180,0,0,(empty),Malicious,C&C
1526882677.874102,C11aF71CQ2CH5qcwc9,192.168.2.5,43863,137.172.10.198,22,tcp,-,-,-,-,S0,-,-,0,S,1,60,0,0,(empty),Malicious,PartOfAHorizontalPortScan
1551394523.222350,C1zdlFMAks5m3CC04,192.168.1.200,45598,213.153.99.97,23,tcp,-,3.125492,0,0,S0,-,-,0,S,6,360,0,0,-,Malicious,PartOfAHorizontalPortScan
1552092812.683178,CDV9A63DyBYE6f41Za,192.168.1.197,63420,86.239.150.59,23,tcp,-,0.000002,0,0,S0,-,-,0,S,2,80,0,0,-,Malicious,PartOfAHorizontalPortScan
1551383816.395961,C8rqGg4g1PpjDzl5Hc,192.168.1.193,30535,197.234.96.202,8081,tcp,-,0.000005,0,0,S0,-,-,0,S,2,80,0,0,-,Malicious,PartOfAHorizontalPortScan
1545473263.790179,CcPgDE1dcu5S5cliN7,192.168.1.196,62786,216.18.168.16,80,tcp,-,-,-,-,RSTOS0,-,-,0,I,1,40,0,0,-,Malicious,DDoS
1526880020.905296,CggcBs1vaEtYaz2iy1,192.168.2.5,55124,137.69.215.193,22,tcp,-,2.996458,0,0,S0,-,-,0,S,3,180,0,0,(empty),Malicious,PartOfAHorizontalPortScan
1526780722.608801,CBBrVx2FX1n3QxV6hd,192.168.2.5,41308,32.87.51.162,22,tcp,-,2.996955,0,0,S0,-,-,0,S,3,180,0,0,(empty),Malicious,PartOfAHorizontalPortScan
1545466967.774483,CTpa2n4A6h010nAY2g,192.168.1.195,65279,123.59.209.185,80,tcp,-,-,-,-,OTH,-,-,0,C,0,0,0,0,-,Malicious,DDoS
1545426497.805549,C4EFAK2lQvvXrhDk6f,192.168.1.196,60536,173.133.98.143,23,tcp,-,3.120491,0,0,S0,-,-,0,S,3,180,0,0,-,Benign,-
1551379097.379473,CTowLO1reONUciJWIc,192.168.1.200,34988,209.204.121.154,23,tcp,-,3.125965,0,0,S0,-,-,0,S,6,360,0,0,-,Malicious,PartOfAHorizontalPortScan
1545457959.418387,CuJvf61aImjRYvzau6,192.168.1.195,53534,185.244.25.235,6667,tcp,-,3.081991,0,0,S0,-,-,0,S,3,180,0,0,-,Malicious,C&C
1552060945.513876,CWAjo22MWIgsgAU66e,192.168.1.197,63420,178.140.151.7,23,tcp,-,0.000002,0,0,S0,-,-,0,S,2,80,0,0,-,Malicious,PartOfAHorizontalPortScan
1552058620.280161,Cc3fgc2tYEZq4k1zoc,192.168.1.197,63420,162.144.115.244,2323,tcp,-,0.000002,0,0,S0,-,-,0,S,2,80,0,0,-,Malicious,PartOfAHorizontalPortScan
1538538465.587633,CnYgyL1BmoGnUncFgd,192.168.100.103,123,185.189.115.149,123,udp,-,-,-,-,S0,-,-,0,D,1,76,0,0,-,Benign,-
1545423107.164083,CKKEEL35aNfENyayJd,192.168.1.198,36097,106.201.140.248,37215,tcp,-,-,-,-,S0,-,-,0,S,1,40,0,0,-,Malicious,Okiru
1526757699.587704,CCigrw23xMzaD1uSH7,192.168.2.5,42927,121.35.193.225,22,tcp,-,2.992137,0,0,S0,-,-,0,S,3,180,0,0,(empty),Malicious,PartOfAHorizontalPortScan
1547069683.653456,CQ8Zql1QZgP4M3RBHd,192.168.1.194,37779,14.131.167.160,22,tcp,-,-,-,-,S0,-,-,0,S,1,40,0,0,-,Malicious,PartOfAHorizontalPortScan
1547148489.538912,CV7hFC30NMyLoyjLcj,192.168.1.198,13998,185.151.63.55,52869,tcp,-,-,-,-,S0,-,-,0,S,1,40,0,0,-,Malicious,PartOfAHorizontalPortScan
1526861588.789016,Cu6kyCrIPrCAOCXlb,192.168.2.5,38049,17.147.165.210,22,tcp,-,-,-,-,S0,-,-,0,S,1,60,0,0,(empty),Malicious,PartOfAHorizontalPortScan
1533056586.491777,C3SFna3QNMWSZRPhd4,192.168.100.113,43800,178.128.185.250,50,tcp,-,-,-,-,S0,-,-,0,S,1,60,0,0,(empty),Malicious,C&C
1526250551.024225,C9rowa3Wmgx7mzEqdf,192.168.100.103,58428,154.131.195.106,8080,tcp,-,2.998804,0,0,S0,-,-,0,S,3,180,0,0,(empty),Malicious,PartOfAHorizontalPortScan
1569018461.686962,Cm6qAi1YQASVsk4Xbe,192.168.1.195,49750,162.248.88.215,62336,tcp,-,-,-,-,OTH,-,-,0,C,0,0,0,0,-,Malicious,DDoS
1547146302.839553,Ckda6X1DQ9vEO3hSPc,192.168.1.198,55288,131.8.90.103,23,tcp,-,-,-,-,S0,-,-,0,S,1,40,0,0,-,Benign,-
1569018211.821556,CGbmSZ2BMGd9oR1Lq8,192.168.1.195,28409,162.248.88.215,62336,tcp,-,-,-,-,OTH,-,-,0,C,0,0,0,0,-,Malicious,DDoS
1547090135.472386,CZD6mn3xnQqtB7HQ78,192.168.1.194,42187,80.212.27.96,22,tcp,-,-,-,-,S0,-,-,0,S,1,40,0,0,-,Malicious,PartOfAHorizontalPortScan
1545351698.570519,CVe1kxjjy8TRNTuad,192.168.1.197,43746,41.236.137.167,80,tcp,-,-,-,-,S0,-,-,0,S,1,40,0,0,-,Malicious,PartOfAHorizontalPortScan
1545368140.254551,CZbZa62dGtbLThJngk,192.168.1.197,43746,125.74.187.113,80,tcp,-,-,-,-,S0,-,-,0,S,1,40,0,0,-,Malicious,PartOfAHorizontalPortScan
1538479821.551273,CX7IbM2dnSxRNTvned,192.168.100.103,123,217.30.75.147,123,udp,-,53.000004,480,480,SF,-,-,0,Dd,10,760,10,760,-,Benign,-
1547075963.694811,COA2bx2dcJpCYuLlsc,192.168.1.194,52535,165.35.39.198,22,tcp,-,-,-,-,S0,-,-,0,S,1,40,0,0,-,Malicious,PartOfAHorizontalPortScan
1526800997.544081,CfrklM2zbKp4Uhsxhc,192.168.2.5,46401,144.46.94.243,22,tcp,-,2.994135,0,0,S0,-,-,0,S,3,180,0,0,(empty),Malicious,PartOfAHorizontalPortScan
1552052486.305907,CqmR9agxvVCxUTuTk,192.168.1.197,63420,144.28.18.195,23,tcp,-,0.000007,0,0,S0,-,-,0,S,2,80,0,0,-,Malicious,PartOfAHorizontalPortScan
1547133359.106342,C7dbQlbgbjoVPd8Ga,192.168.1.197,53404,185.244.25.183,4975,tcp,-,1.079881,67,233,S3,-,-,0,ShAdDaf,7,439,6,553,-,Benign,-
1562160302.720838,C8B5l022V75zPX8lA9,192.168.1.1,8,192.168.1.158,0,icmp,-,0.006710,40,40,OTH,-,-,0,-,2,96,2,96,-,benign,-
1545374580.997254,C2KkQjF0Hxux7hnHh,192.168.1.197,44002,41.137.38.138,52869,tcp,-,-,-,-,S0,-,-,0,S,1,40,0,0,-,Malicious,PartOfAHorizontalPortScan
1551380908.467853,CHTJvv1GQM6Laf3RWd,192.168.1.200,43986,157.113.159.115,23,tcp,-,3.157471,0,0,S0,-,-,0,S,6,360,0,0,-,Malicious,PartOfAHorizontalPortScan
1569018322.304357,CRekPq2va8jrX2JUIc,192.168.1.195,121,162.248.88.215,62336,tcp,-,-,-,-,OTH,-,-,0,C,0,0,0,0,-,Malicious,DDoS
1547131732.686603,Cx0JLj4TPiILj5fbN2,192.168.1.197,52718,185.244.25.183,4975,tcp,-,-,-,-,S0,-,-,0,S,1,60,0,0,-,Benign,-
1525883734.013515,CsvPgz2EZwC7vCYLOh,192.168.100.103,43763,9.123.46.82,50522,udp,-,-,-,-,S0,-,-,0,D,1,40,0,0,(empty),Benign,-
1545471028.765037,C5y3Ugr6Rx7ocSpE8,192.168.1.198,36097,189.112.159.192,37215,tcp,-,-,-,-,S0,-,-,0,S,1,40,0,0,-,Malicious,Okiru
1545475986.214354,Cu895B2AqAy0QhlQN4,192.168.1.195,55368,185.244.25.235,6667,tcp,-,3.083746,0,0,S0,-,-,0,S,3,180,0,0,-,Malicious,C&C
1551400619.198122,C5q1i34c87r4nAZe0e,192.168.1.193,30535,197.45.59.162,8081,tcp,-,0.000004,0,0,S0,-,-,0,S,2,80,0,0,-,Malicious,PartOfAHorizontalPortScan
1547148122.801619,CxPQLD6JtfVdiAmc5,192.168.1.198,37359,91.101.113.11,52869,tcp,-,-,-,-,S0,-,-,0,S,1,40,0,0,-,Malicious,PartOfAHorizontalPortScan
1547147838.653633,Cjshk01yx7D5As7bO2,192.168.1.198,30240,91.105.236.226,52869,tcp,-,-,-,-,S0,-,-,0,S,1,40,0,0,-,Malicious,PartOfAHorizontalPortScan
1569018394.534378,C2x7jv3AY69niGOsV6,192.168.1.195,41210,162.248.88.215,62336,tcp,-,-,-,-,OTH,-,-,0,C,0,0,0,0,-,Malicious,DDoS
1547146073.150775,Cd8wvE1dTcl5m9jAG7,192.168.1.198,30240,185.55.204.82,52869,tcp,-,-,-,-,S0,-,-,0,S,1,40,0,0,-,Malicious,PartOfAHorizontalPortScan
1551388037.297612,CDIe4q1Dh25eBldMyf,192.168.1.193,30535,197.53.49.216,8081,tcp,-,0.000005,0,0,S0,-,-,0,S,2,80,0,0,-,Malicious,PartOfAHorizontalPortScan
1526260794.015896,CCa0id34gnVyGhCH39,192.168.100.103,43763,66.94.223.53,7817,udp,-,-,-,-,S0,-,-,0,D,1,40,0,0,(empty),Benign,-
1547142734.012729,Cjdid11xOAoYF0StHj,192.168.1.197,123,82.113.53.40,123,udp,-,-,-,-,S0,-,-,0,D,1,76,0,0,-,Benign,-
1545455734.915471,C4ACIr22wVKF0UpUQa,192.168.1.196,55828,80.109.46.87,23,tcp,-,3.128248,0,0,S0,-,-,0,S,3,180,0,0,-,Benign,-
1547069934.693528,C3o0UZrZq7kvi5hTl,192.168.1.194,45219,77.93.69.223,22,tcp,-,-,-,-,S0,-,-,0,S,1,40,0,0,-,Malicious,PartOfAHorizontalPortScan
1533105697.534376,CVv4XTaXwcWPgX257,192.168.100.113,37072,128.185.250.50,50,tcp,-,-,-,-,S0,-,-,0,S,1,60,0,0,(empty),Malicious,C&C
1551405650.599852,CCVdaF3XuQbpL7WXc,192.168.1.193,30535,197.115.192.206,8081,tcp,-,0.000005,0,0,S0,-,-,0,S,2,80,0,0,-,Malicious,PartOfAHorizontalPortScan
1545407178.358914,CAUaLF1GVqtS1wkled,192.168.1.197,44002,41.6.233.144,52869,tcp,-,-,-,-,S0,-,-,0,S,1,40,0,0,-,Malicious,PartOfAHorizontalPortScan
1538558777.561270,C2CGbA22bR9OIBTcb,192.168.100.103,55884,192.168.100.1,53,udp,dns,0.000746,45,45,SF,-,-,0,Dd,1,73,1,73,-,Benign,-
1533121025.694321,CRkUAc4pG4z5CmsMb2,192.168.100.113,47020,178.128.185.250,50,tcp,-,-,-,-,S0,-,-,0,S,1,60,0,0,(empty),Malicious,C&C
1545425136.093384,CIEnZp2jCsN774Ugb2,192.168.1.198,36097,205.51.205.81,37215,tcp,-,-,-,-,S0,-,-,0,S,1,40,0,0,-,Malicious,Okiru
1540479724.795308,CwqJ5D3zVGg6IPW4Ne,192.168.1.132,57927,192.168.1.1,53,udp,dns,0.039463,37,179,SF,-,-,0,Dd,1,65,1,207,-,benign,-
1551395240.410698,Cmb5UBDTVVW5NLFXd,192.168.1.193,24159,197.69.10.4,8081,tcp,-,0.000004,0,0,S0,-,-,0,S,2,80,0,0,-,Malicious,PartOfAHorizontalPortScan
1545410883.167680,CxLYUx15vangDbPek8,192.168.1.196,44602,48.93.161.99,23,tcp,-,3.118195,0,0,S0,-,-,0,S,3,180,0,0,-,Benign,-
1538558016.556979,CyVDsN2ybKHWh6Y2u,192.168.100.103,49321,192.168.100.1,53,udp,dns,0.000747,45,45,SF,-,-,0,Dd,1,73,1,73,-,Benign,-
1569018407.946756,C87Prp11nfy44qVith,192.168.1.195,38167,162.248.88.215,62336,tcp,-,-,-,-,OTH,-,-,0,C,0,0,0,0,-,Malicious,DDoS
1545402992.341611,CAmGRP2owIlSKkmAp5,192.168.1.197,44002,197.234.71.43,52869,tcp,-,-,-,-,S0,-,-,0,S,1,40,0,0,-,Malicious,PartOfAHorizontalPortScan
1547147872.874188,Ca3qnJ1zqEDT7z2Fm2,192.168.1.198,36922,112.234.195.74,23,tcp,-,-,-,-,S0,-,-,0,S,1,40,0,0,-,Benign,-
1547130712.063984,CvB2r83H5bSaXFbEg9,192.168.1.197,52248,185.244.25.183,4975,tcp,-,1.089880,67,233,S3,-,-,0,ShAdDaf,7,439,6,553,-,Benign,-
1538531108.549916,C5yzjjsHbBle5BRDk,192.168.100.103,123,217.30.75.147,123,udp,-,0.151164,48,48,SF,-,-,0,Dd,1,76,1,76,-,Benign,-
1545405290.485899,C2Wi0p30c3tJ8j7Hmb,192.168.1.198,36097,52.106.15.34,37215,tcp,-,-,-,-,S0,-,-,0,S,1,40,0,0,-,Malicious,Okiru
1552071083.307253,Cd6rF7w3cbJJsTVih,192.168.1.197,63420,80.169.37.159,23,tcp,-,0.000002,0,0,S0,-,-,0,S,2,80,0,0,-,Malicious,PartOfAHorizontalPortScan
1538510840.549580,Cn4LKl2AARsFOb9tuf,192.168.100.103,123,185.189.115.149,123,udp,-,0.034477,48,48,SF,-,-,0,Dd,1,76,1,76,-,Benign,-
1551403496.905946,C5u2rv2MeTsN4xU6cg,192.168.1.193,24159,197.114.248.95,8081,tcp,-,0.000005,0,0,S0,-,-,0,S,2,80,0,0,-,Malicious,PartOfAHorizontalPortScan
1551406512.422390,Cbedcu2tJzOAcJ0sT6,192.168.1.200,57138,206.151.179.201,23,tcp,-,0.000002,0,0,S0,-,-,0,S,2,120,0,0,-,Malicious,PartOfAHorizontalPortScan
1551378002.872828,CpTUR54OE2JAMl9H84,192.168.1.200,45504,87.68.115.131,23,tcp,-,3.153731,0,0,S0,-,-,0,S,6,360,0,0,-,Malicious,PartOfAHorizontalPortScan
1538491142.546621,CHohBKBXybE4dQuA,192.168.100.103,123,5.1.56.123,123,udp,-,-,-,-,S0,-,-,0,D,1,76,0,0,-,Benign,-
1547072597.058297,Co02Yk3hTvwRPfpRka,192.168.1.194,52268,172.248.118.241,22,tcp,-,-,-,-,S0,-,-,0,S,1,40,0,0,-,Malicious,PartOfAHorizontalPortScan
1525921165.000606,CsMbaQ24GbsPHsCHQd,192.168.100.103,36518,64.159.163.157,23,tcp,-,2.998789,0,0,S0,-,-,0,S,3,180,0,0,(empty),Malicious,PartOfAHorizontalPortScan
1533121389.055173,CR0yI11DgdQsF4TPa1,192.168.100.113,37856,128.185.250.50,50,tcp,-,-,-,-,S0,-,-,0,S,1,60,0,0,(empty),Malicious,C&C
1545407328.499709,CdpvTbftkZFOvrCf,192.168.1.195,49892,185.244.25.235,6667,tcp,-,-,-,-,S0,-,-,0,S,1,60,0,0,-,Malicious,C&C
1569018434.247777,CmiyN52Zsd1w525RXf,192.168.1.195,60870,162.248.88.215,62336,tcp,-,-,-,-,OTH,-,-,0,C,0,0,0,0,-,Malicious,DDoS
1545479675.732573,CZkVk9vIXkns67Bra,192.168.1.198,36097,189.141.190.84,37215,tcp,-,-,-,-,S0,-,-,0,S,1,40,0,0,-,Malicious,Okiru
1547145744.170050,C2eifb3tYFUbFo1d9k,192.168.1.198,13998,91.103.161.186,52869,tcp,-,-,-,-,S0,-,-,0,S,1,40,0,0,-,Malicious,PartOfAHorizontalPortScan
1545438084.926419,CP9zQSEBV2Aa7ZiC3,192.168.1.196,34162,195.146.176.191,23,tcp,-,3.114484,0,0,S0,-,-,0,S,3,180,0,0,-,Benign,-
1547133644.089633,CduT4b3T4MnMLnWE95,192.168.1.197,41598,192.168.1.1,53,udp,dns,0.000498,29,45,SF,-,-,0,Dd,1,57,1,73,-,Benign,-
1547130835.218479,CNADNI2TZKbBTYYWa2,192.168.1.197,52298,185.244.25.183,4975,tcp,-,3.145463,0,0,S0,-,-,0,S,3,180,0,0,-,Benign,-
1547081205.484820,C77j8K1B4VPhzM6eA1,192.168.1.194,49027,195.192.92.244,22,tcp,-,-,-,-,S0,-,-,0,S,1,40,0,0,-,Malicious,PartOfAHorizontalPortScan
1526767748.964034,CDtIV21lemYvmTDwNc,192.168.2.5,34965,69.103.231.55,22,tcp,-,2.991031,0,0,S0,-,-,0,S,3,180,0,0,(empty),Malicious,PartOfAHorizontalPortScan
1545466987.613391,CkLeSw2pxhe4R51NY8,192.168.1.195,65279,123.59.209.185,80,tcp,-,-,-,-,OTH,-,-,0,C,0,0,0,0,-,Malicious,DDoS
1551401712.020252,CYZTk81LOzL7eux9ge,192.168.1.193,24159,197.79.243.254,8081,tcp,-,0.000005,0,0,S0,-,-,0,S,2,80,0,0,-,Malicious,PartOfAHorizontalPortScan
1525896055.013081,CODgz42BsD4Ryr9lOa,192.168.100.103,43763,55.214.40.122,4560,udp,-,-,-,-,S0,-,-,0,D,1,40,0,0,(empty),Benign,-
1538560592.548880,CTxb7blc0zWyZ3uG2,192.168.100.103,123,217.30.75.147,123,udp,-,0.063974,48,48,SF,-,-,0,Dd,1,76,1,76,-,Benign,-
1545368410.660043,C2k5Bq4rmbbrAAlrSa,192.168.1.197,44002,197.41.167.10,52869,tcp,-,-,-,-,S0,-,-,0,S,1,40,0,0,-,Malicious,PartOfAHorizontalPortScan
1525956545.013429,Cnypcy2CJmayvhGGSb,192.168.100.103,59764,9.161.64.36,23,tcp,-,2.999138,0,0,S0,-,-,0,S,3,180,0,0,(empty),Malicious,PartOfAHorizontalPortScan
1526053669.042805,CQ9yH61XlHMUr2gQh7,192.168.100.103,40964,138.195.70.192,23,tcp,-,-,-,-,S0,-,-,0,S,1,60,0,0,(empty),Malicious,PartOfAHorizontalPortScan
1552097242.894247,CoJlLM2CdHKEWOzRU,192.168.1.197,63420,212.223.71.143,23,tcp,-,0.000002,0,0,S0,-,-,0,S,2,80,0,0,-,Malicious,PartOfAHorizontalPortScan
1551404215.224063,C35dWm10xDDtdvf8Pd,192.168.1.193,30535,217.40.194.69,8081,tcp,-,0.000005,0,0,S0,-,-,0,S,2,80,0,0,-,Malicious,PartOfAHorizontalPortScan
1545479643.394010,C3mV6a2vuqD6WYVja8,192.168.1.198,36097,148.167.96.241,37215,tcp,-,-,-,-,S0,-,-,0,S,1,40,0,0,-,Malicious,Okiru
1526030093.002189,CRntcQ2b7YVJIOZs8e,192.168.100.103,43763,14.27.34.34,65000,udp,-,-,-,-,S0,-,-,0,D,1,40,0,0,(empty),Benign,-
1545466972.676686,CVdodL2SIMJHSkEB7j,192.168.1.195,65279,123.59.209.185,80,tcp,-,-,-,-,OTH,-,-,0,C,0,0,0,0,-,Malicious,DDoS
1533082222.332191,CrFkrw1dcTG8PNEBI5,192.168.100.113,45080,178.128.185.250,50,tcp,-,-,-,-,S0,-,-,0,S,1,60,0,0,(empty),Malicious,C&C
1538542378.549688,CueS9o18Qg3s3vfXu7,192.168.100.103,123,217.30.75.147,123,udp,-,0.002732,48,48,SF,-,-,0,Dd,1,76,1,76,-,Benign,-
1545470976.210725,CtWPzC3cS7O4F3RT81,192.168.1.198,36097,35.4.246.51,37215,tcp,-,-,-,-,S0,-,-,0,S,1,40,0,0,-,Malicious,Okiru
1552051915.081776,CdofJrUEEWQoKXB89,192.168.1.197,63420,136.245.248.170,23,tcp,-,0.000002,0,0,S0,-,-,0,S,2,80,0,0,-,Malicious,PartOfAHorizontalPortScan
1547083047.504669,C8RkF3HgO8Y5Pem7j,192.168.1.194,35869,135.126.191.146,22,tcp,-,-,-,-,S0,-,-,0,S,1,40,0,0,-,Malicious,PartOfAHorizontalPortScan
1533072823.018869,C6FR3Q3xex8OaHHx4,192.168.100.113,44612,178.128.185.250,50,tcp,-,3.155949,0,0,S0,-,-,0,S,3,180,0,0,(empty),Malicious,C&C
1569018272.346898,CS52j43lIaa076HBR8,192.168.1.195,48671,162.248.88.215,62336,tcp,-,-,-,-,OTH,-,-,0,C,0,0,0,0,-,Malicious,DDoS
1533071904.575589,Can7mo47oXLf864PM6,192.168.100.113,35384,128.185.250.50,50,tcp,-,-,-,-,S0,-,-,0,S,1,60,0,0,(empty),Malicious,C&C
1545466982.867102,C36drvVFalaTUlWrf,192.168.1.195,65279,123.59.209.185,80,tcp,-,-,-,-,OTH,-,-,0,C,0,0,0,0,-,Malicious,DDoS
1569018363.655447,Chh3Aa2zEgclECX9a6,192.168.1.195,54677,162.248.88.215,62336,tcp,-,-,-,-,OTH,-,-,0,C,0,0,0,0,-,Malicious,DDoS
1545474049.946121,CAGES63D8PbBKzb4H3,192.168.1.198,36097,137.200.255.252,37215,tcp,-,-,-,-,S0,-,-,0,S,1,40,0,0,-,Malicious,Okiru
1551398312.108024,CqFaVw2CDv4iRXpLfc,192.168.1.200,56376,108.80.146.108,23,tcp,-,0.000002,0,0,S0,-,-,0,S,2,120,0,0,-,Malicious,PartOfAHorizontalPortScan
1545378111.969969,CT272a2RbHe7dUekT9,192.168.1.197,38114,17.135.8.127,8081,tcp,-,-,-,-,S0,-,-,0,S,1,40,0,0,-,Malicious,PartOfAHorizontalPortScan
1545358182.624879,C6mKodl6VgT4SfXXd,192.168.1.197,38114,102.83.37.191,8081,tcp,-,-,-,-,S0,-,-,0,S,1,40,0,0,-,Malicious,PartOfAHorizontalPortScan
1545416998.660233,CR9BvC2b0Zy9PAt08i,192.168.1.195,52726,185.244.25.235,6667,tcp,-,-,-,-,S0,-,-,0,S,1,60,0,0,-,Malicious,C&C
1533093689.214362,C7cNrh1VpTEeFQFpY7,192.168.100.113,36472,128.185.250.50,50,tcp,-,-,-,-,S0,-,-,0,S,1,60,0,0,(empty),Malicious,C&C
1545412207.941258,CorErJ1QfstpUeNpEj,192.168.1.195,51194,185.244.25.235,6667,tcp,-,-,-,-,S0,-,-,0,S,1,60,0,0,-,Malicious,C&C
1547148405.703374,CsGoIB1Cz0d18mzZWb,192.168.1.198,30496,41.159.189.32,37215,tcp,-,-,-,-,S0,-,-,0,S,1,40,0,0,-,Malicious,Okiru
1545446150.445003,CAlvny35wInZH9jJE,192.168.1.198,36097,35.197.39.136,37215,tcp,-,-,-,-,S0,-,-,0,S,1,40,0,0,-,Malicious,Okiru
1569018233.962255,CCMbCl2QP0aERqCBf,192.168.1.195,29211,162.248.88.215,62336,tcp,-,-,-,-,OTH,-,-,0,C,0,0,0,0,-,Malicious,DDoS
1552088030.757591,C5zFwz3lJgxTfZiZh4,192.168.1.197,63420,202.60.94.36,2323,tcp,-,0.000006,0,0,S0,-,-,0,S,2,80,0,0,-,Malicious,PartOfAHorizontalPortScan
1547081848.926228,CXSg2brjLKbs7LR9b,192.168.1.194,38996,206.135.133.190,22,tcp,-,-,-,-,S0,-,-,0,S,1,40,0,0,-,Malicious,PartOfAHorizontalPortScan
1526882425.505690,CcWcpt4FDlTh3Jfzmc,192.168.2.5,32959,137.132.158.219,22,tcp,-,0.345101,0,0,REJ,-,-,0,Sr,1,60,1,40,(empty),Benign,-
1533048998.015797,CFGr4TZOeBH19ssYl,192.168.100.113,43420,178.128.185.250,50,tcp,-,-,-,-,S0,-,-,0,S,1,60,0,0,(empty),Malicious,C&C
1538534325.549859,CdG1Gk3Xaj1rNul402,192.168.100.103,123,217.30.75.147,123,udp,-,0.002748,48,48,SF,-,-,0,Dd,1,76,1,76,-,Benign,-
1547073978.213952,C7VBbM1yJazuptCQo7,192.168.1.194,33088,143.210.24.147,22,tcp,-,-,-,-,S0,-,-,0,S,1,40,0,0,-,Malicious,PartOfAHorizontalPortScan
1551386898.350566,C6g2Si11BwK693EAu6,192.168.1.200,41910,45.91.47.68,23,tcp,-,0.000002,0,0,S0,-,-,0,S,2,120,0,0,-,Malicious,PartOfAHorizontalPortScan
1569018283.844522,C5n0h9tqET3O7dfL4,192.168.1.195,32750,162.248.88.215,62336,tcp,-,-,-,-,OTH,-,-,0,C,0,0,0,0,-,Malicious,DDoS
1538536550.551901,CGnRKX1PgF6x9jlbk7,192.168.100.103,123,217.30.75.147,123,udp,-,0.002732,48,48,SF,-,-,0,Dd,1,76,1,76,-,Benign,-
1545486055.975336,C3RpFO2KCRAaMmK6Dd,192.168.1.196,51140,106.151.223.214,23,tcp,-,3.109994,0,0,S0,-,-,0,S,3,180,0,0,-,Benign,-
